province,region,rank_total,province_total_million,province_items,agencies,category,category_budget_million,category_items,percent,rank_category_share
กรุงเทพมหานคร,ภาคกลาง,1,50260.1540,523,109,ถนน สะพาน และทางสัญจร,9508.9411,161,18.919443,68
กรุงเทพมหานคร,ภาคกลาง,1,50260.1540,523,109,บุคลากร สวัสดิการ และเงินอุดหนุน,22758.6547,12,45.281705,1
กรุงเทพมหานคร,ภาคกลาง,1,50260.1540,523,109,น้ำ ชลประทาน ประปา และระบายน้ำ,561.6413,12,1.117468,77
กรุงเทพมหานคร,ภาคกลาง,1,50260.1540,523,109,จัดซื้อครุภัณฑ์ ยานพาหนะ และทรัพย์สิน,2228.5493,34,4.434028,15
กรุงเทพมหานคร,ภาคกลาง,1,50260.1540,523,109,ปรับปรุงและซ่อมแซมทรัพย์สินเดิม,4627.0634,116,9.206226,6
กรุงเทพมหานคร,ภาคกลาง,1,50260.1540,523,109,อาคารและสิ่งก่อสร้างอื่น,5841.0408,148,11.621613,38
กรุงเทพมหานคร,ภาคกลาง,1,50260.1540,523,109,อาหารและโภชนาการ,1720.3628,2,3.422916,17
กรุงเทพมหานคร,ภาคกลาง,1,50260.1540,523,109,กิจกรรม อบรม และบริหารจัดการ,1676.3186,23,3.335283,37
กรุงเทพมหานคร,ภาคกลาง,1,50260.1540,523,109,จ้างเหมาและบริการ,1337.5820,15,2.661317,27
เชียงใหม่,ภาคเหนือ,2,21169.0524,2977,187,ถนน สะพาน และทางสัญจร,4205.9039,199,19.868173,66
เชียงใหม่,ภาคเหนือ,2,21169.0524,2977,187,บุคลากร สวัสดิการ และเงินอุดหนุน,9289.2521,946,43.881284,4
เชียงใหม่,ภาคเหนือ,2,21169.0524,2977,187,น้ำ ชลประทาน ประปา และระบายน้ำ,1500.6589,67,7.088928,75
เชียงใหม่,ภาคเหนือ,2,21169.0524,2977,187,จัดซื้อครุภัณฑ์ ยานพาหนะ และทรัพย์สิน,1226.4561,401,5.793628,8
เชียงใหม่,ภาคเหนือ,2,21169.0524,2977,187,ปรับปรุงและซ่อมแซมทรัพย์สินเดิม,517.0074,60,2.442279,52
เชียงใหม่,ภาคเหนือ,2,21169.0524,2977,187,อาคารและสิ่งก่อสร้างอื่น,2408.8380,213,11.379054,40
เชียงใหม่,ภาคเหนือ,2,21169.0524,2977,187,อาหารและโภชนาการ,644.5640,440,3.044841,32
เชียงใหม่,ภาคเหนือ,2,21169.0524,2977,187,กิจกรรม อบรม และบริหารจัดการ,805.5380,117,3.805262,32
เชียงใหม่,ภาคเหนือ,2,21169.0524,2977,187,จ้างเหมาและบริการ,570.8340,534,2.696550,26
สงขลา,ภาคใต้,3,17784.0206,1469,98,ถนน สะพาน และทางสัญจร,4225.3709,172,23.759368,54
สงขลา,ภาคใต้,3,17784.0206,1469,98,บุคลากร สวัสดิการ และเงินอุดหนุน,7842.9363,411,44.101030,2
สงขลา,ภาคใต้,3,17784.0206,1469,98,น้ำ ชลประทาน ประปา และระบายน้ำ,1961.3325,94,11.028623,63
สงขลา,ภาคใต้,3,17784.0206,1469,98,จัดซื้อครุภัณฑ์ ยานพาหนะ และทรัพย์สิน,523.7056,161,2.944810,30
สงขลา,ภาคใต้,3,17784.0206,1469,98,ปรับปรุงและซ่อมแซมทรัพย์สินเดิม,569.4509,42,3.202037,41
สงขลา,ภาคใต้,3,17784.0206,1469,98,อาคารและสิ่งก่อสร้างอื่น,1184.7085,114,6.661646,73
สงขลา,ภาคใต้,3,17784.0206,1469,98,อาหารและโภชนาการ,378.4273,174,2.127906,57
สงขลา,ภาคใต้,3,17784.0206,1469,98,กิจกรรม อบรม และบริหารจัดการ,736.9583,61,4.143935,30
สงขลา,ภาคใต้,3,17784.0206,1469,98,จ้างเหมาและบริการ,361.1303,240,2.030645,40
นครราชสีมา,ภาคตะวันออกเฉียงเหนือ,4,17441.3421,2157,137,ถนน สะพาน และทางสัญจร,6138.1271,222,35.192975,19
นครราชสีมา,ภาคตะวันออกเฉียงเหนือ,4,17441.3421,2157,137,บุคลากร สวัสดิการ และเงินอุดหนุน,4740.4361,603,27.179308,24
นครราชสีมา,ภาคตะวันออกเฉียงเหนือ,4,17441.3421,2157,137,น้ำ ชลประทาน ประปา และระบายน้ำ,1462.1707,72,8.383361,72
นครราชสีมา,ภาคตะวันออกเฉียงเหนือ,4,17441.3421,2157,137,จัดซื้อครุภัณฑ์ ยานพาหนะ และทรัพย์สิน,339.1574,198,1.944560,56
นครราชสีมา,ภาคตะวันออกเฉียงเหนือ,4,17441.3421,2157,137,ปรับปรุงและซ่อมแซมทรัพย์สินเดิม,640.0191,44,3.669552,35
นครราชสีมา,ภาคตะวันออกเฉียงเหนือ,4,17441.3421,2157,137,อาคารและสิ่งก่อสร้างอื่น,2272.5801,192,13.029846,28
นครราชสีมา,ภาคตะวันออกเฉียงเหนือ,4,17441.3421,2157,137,อาหารและโภชนาการ,502.5205,315,2.881203,37
นครราชสีมา,ภาคตะวันออกเฉียงเหนือ,4,17441.3421,2157,137,กิจกรรม อบรม และบริหารจัดการ,730.8438,101,4.190296,27
นครราชสีมา,ภาคตะวันออกเฉียงเหนือ,4,17441.3421,2157,137,จ้างเหมาและบริการ,615.4873,410,3.528899,14
ขอนแก่น,ภาคตะวันออกเฉียงเหนือ,5,17409.6184,1752,122,ถนน สะพาน และทางสัญจร,4207.3248,164,24.166669,49
ขอนแก่น,ภาคตะวันออกเฉียงเหนือ,5,17409.6184,1752,122,บุคลากร สวัสดิการ และเงินอุดหนุน,7655.4800,481,43.972704,3
ขอนแก่น,ภาคตะวันออกเฉียงเหนือ,5,17409.6184,1752,122,น้ำ ชลประทาน ประปา และระบายน้ำ,1013.6087,56,5.822119,76
ขอนแก่น,ภาคตะวันออกเฉียงเหนือ,5,17409.6184,1752,122,จัดซื้อครุภัณฑ์ ยานพาหนะ และทรัพย์สิน,567.0830,204,3.257297,24
ขอนแก่น,ภาคตะวันออกเฉียงเหนือ,5,17409.6184,1752,122,ปรับปรุงและซ่อมแซมทรัพย์สินเดิม,706.8880,41,4.060330,32
ขอนแก่น,ภาคตะวันออกเฉียงเหนือ,5,17409.6184,1752,122,อาคารและสิ่งก่อสร้างอื่น,1598.9938,139,9.184542,60
ขอนแก่น,ภาคตะวันออกเฉียงเหนือ,5,17409.6184,1752,122,อาหารและโภชนาการ,359.9377,244,2.067465,61
ขอนแก่น,ภาคตะวันออกเฉียงเหนือ,5,17409.6184,1752,122,กิจกรรม อบรม และบริหารจัดการ,727.6990,102,4.179868,28
ขอนแก่น,ภาคตะวันออกเฉียงเหนือ,5,17409.6184,1752,122,จ้างเหมาและบริการ,572.6034,321,3.289006,18
ปทุมธานี,ภาคกลาง,6,13516.7214,1027,65,ถนน สะพาน และทางสัญจร,2234.1277,58,16.528621,74
ปทุมธานี,ภาคกลาง,6,13516.7214,1027,65,บุคลากร สวัสดิการ และเงินอุดหนุน,2308.8106,212,17.081144,57
ปทุมธานี,ภาคกลาง,6,13516.7214,1027,65,น้ำ ชลประทาน ประปา และระบายน้ำ,1099.6320,34,8.135346,73
ปทุมธานี,ภาคกลาง,6,13516.7214,1027,65,จัดซื้อครุภัณฑ์ ยานพาหนะ และทรัพย์สิน,863.2442,143,6.386491,7
ปทุมธานี,ภาคกลาง,6,13516.7214,1027,65,ปรับปรุงและซ่อมแซมทรัพย์สินเดิม,1300.0567,64,9.618136,4
ปทุมธานี,ภาคกลาง,6,13516.7214,1027,65,อาคารและสิ่งก่อสร้างอื่น,1011.2886,83,7.481760,69
ปทุมธานี,ภาคกลาง,6,13516.7214,1027,65,อาหารและโภชนาการ,363.2804,109,2.687637,42
ปทุมธานี,ภาคกลาง,6,13516.7214,1027,65,กิจกรรม อบรม และบริหารจัดการ,3751.6373,143,27.755527,1
ปทุมธานี,ภาคกลาง,6,13516.7214,1027,65,จ้างเหมาและบริการ,584.6439,181,4.325338,8
ชลบุรี,ภาคตะวันออก,7,13436.7563,1190,100,ถนน สะพาน และทางสัญจร,3918.9623,117,29.165985,33
ชลบุรี,ภาคตะวันออก,7,13436.7563,1190,100,บุคลากร สวัสดิการ และเงินอุดหนุน,3139.7632,316,23.366973,38
ชลบุรี,ภาคตะวันออก,7,13436.7563,1190,100,น้ำ ชลประทาน ประปา และระบายน้ำ,1777.1380,47,13.225945,56
ชลบุรี,ภาคตะวันออก,7,13436.7563,1190,100,จัดซื้อครุภัณฑ์ ยานพาหนะ และทรัพย์สิน,596.2512,115,4.437464,14
ชลบุรี,ภาคตะวันออก,7,13436.7563,1190,100,ปรับปรุงและซ่อมแซมทรัพย์สินเดิม,685.3760,66,5.100755,20
ชลบุรี,ภาคตะวันออก,7,13436.7563,1190,100,อาคารและสิ่งก่อสร้างอื่น,1504.2821,92,11.195277,44
ชลบุรี,ภาคตะวันออก,7,13436.7563,1190,100,อาหารและโภชนาการ,598.9582,164,4.457610,4
ชลบุรี,ภาคตะวันออก,7,13436.7563,1190,100,กิจกรรม อบรม และบริหารจัดการ,707.7256,54,5.267087,18
ชลบุรี,ภาคตะวันออก,7,13436.7563,1190,100,จ้างเหมาและบริการ,508.2997,219,3.782905,12
อุบลราชธานี,ภาคตะวันออกเฉียงเหนือ,8,13171.2274,1439,104,ถนน สะพาน และทางสัญจร,3071.8394,118,23.322347,55
อุบลราชธานี,ภาคตะวันออกเฉียงเหนือ,8,13171.2274,1439,104,บุคลากร สวัสดิการ และเงินอุดหนุน,3529.5354,409,26.797316,25
อุบลราชธานี,ภาคตะวันออกเฉียงเหนือ,8,13171.2274,1439,104,น้ำ ชลประทาน ประปา และระบายน้ำ,2992.1622,94,22.717414,20
อุบลราชธานี,ภาคตะวันออกเฉียงเหนือ,8,13171.2274,1439,104,จัดซื้อครุภัณฑ์ ยานพาหนะ และทรัพย์สิน,294.7771,133,2.238038,45
อุบลราชธานี,ภาคตะวันออกเฉียงเหนือ,8,13171.2274,1439,104,ปรับปรุงและซ่อมแซมทรัพย์สินเดิม,463.5543,39,3.519446,36
อุบลราชธานี,ภาคตะวันออกเฉียงเหนือ,8,13171.2274,1439,104,อาคารและสิ่งก่อสร้างอื่น,1488.7269,129,11.302871,42
อุบลราชธานี,ภาคตะวันออกเฉียงเหนือ,8,13171.2274,1439,104,อาหารและโภชนาการ,382.2318,198,2.902021,36
อุบลราชธานี,ภาคตะวันออกเฉียงเหนือ,8,13171.2274,1439,104,กิจกรรม อบรม และบริหารจัดการ,537.9074,60,4.083958,31
อุบลราชธานี,ภาคตะวันออกเฉียงเหนือ,8,13171.2274,1439,104,จ้างเหมาและบริการ,410.4929,259,3.116588,20
เชียงราย,ภาคเหนือ,9,12373.0271,1682,106,ถนน สะพาน และทางสัญจร,4262.8130,127,34.452466,21
เชียงราย,ภาคเหนือ,9,12373.0271,1682,106,บุคลากร สวัสดิการ และเงินอุดหนุน,3232.4543,546,26.125008,28
เชียงราย,ภาคเหนือ,9,12373.0271,1682,106,น้ำ ชลประทาน ประปา และระบายน้ำ,1465.1624,63,11.841584,61
เชียงราย,ภาคเหนือ,9,12373.0271,1682,106,จัดซื้อครุภัณฑ์ ยานพาหนะ และทรัพย์สิน,161.5872,143,1.305963,71
เชียงราย,ภาคเหนือ,9,12373.0271,1682,106,ปรับปรุงและซ่อมแซมทรัพย์สินเดิม,697.5234,57,5.637451,17
เชียงราย,ภาคเหนือ,9,12373.0271,1682,106,อาคารและสิ่งก่อสร้างอื่น,1145.6049,103,9.258889,59
เชียงราย,ภาคเหนือ,9,12373.0271,1682,106,อาหารและโภชนาการ,375.2206,250,3.032569,33
เชียงราย,ภาคเหนือ,9,12373.0271,1682,106,กิจกรรม อบรม และบริหารจัดการ,726.1974,81,5.869198,13
เชียงราย,ภาคเหนือ,9,12373.0271,1682,106,จ้างเหมาและบริการ,306.4639,312,2.476871,28
นครศรีธรรมราช,ภาคใต้,10,11393.0277,1308,90,ถนน สะพาน และทางสัญจร,3270.5052,102,28.706199,34
นครศรีธรรมราช,ภาคใต้,10,11393.0277,1308,90,บุคลากร สวัสดิการ และเงินอุดหนุน,2526.9303,367,22.179620,46
นครศรีธรรมราช,ภาคใต้,10,11393.0277,1308,90,น้ำ ชลประทาน ประปา และระบายน้ำ,2473.2067,73,21.708072,27
นครศรีธรรมราช,ภาคใต้,10,11393.0277,1308,90,จัดซื้อครุภัณฑ์ ยานพาหนะ และทรัพย์สิน,362.6521,145,3.183106,26
นครศรีธรรมราช,ภาคใต้,10,11393.0277,1308,90,ปรับปรุงและซ่อมแซมทรัพย์สินเดิม,470.0051,29,4.125375,30
นครศรีธรรมราช,ภาคใต้,10,11393.0277,1308,90,อาคารและสิ่งก่อสร้างอื่น,1351.3883,125,11.861538,36
นครศรีธรรมราช,ภาคใต้,10,11393.0277,1308,90,อาหารและโภชนาการ,334.5701,182,2.936621,35
นครศรีธรรมราช,ภาคใต้,10,11393.0277,1308,90,กิจกรรม อบรม และบริหารจัดการ,285.3373,37,2.504491,59
นครศรีธรรมราช,ภาคใต้,10,11393.0277,1308,90,จ้างเหมาและบริการ,318.4326,248,2.794978,24
บุรีรัมย์,ภาคตะวันออกเฉียงเหนือ,11,10443.2212,1466,89,ถนน สะพาน และทางสัญจร,3466.4876,160,33.193663,22
บุรีรัมย์,ภาคตะวันออกเฉียงเหนือ,11,10443.2212,1466,89,บุคลากร สวัสดิการ และเงินอุดหนุน,1824.8122,441,17.473653,55
บุรีรัมย์,ภาคตะวันออกเฉียงเหนือ,11,10443.2212,1466,89,น้ำ ชลประทาน ประปา และระบายน้ำ,2138.0777,62,20.473355,30
บุรีรัมย์,ภาคตะวันออกเฉียงเหนือ,11,10443.2212,1466,89,จัดซื้อครุภัณฑ์ ยานพาหนะ และทรัพย์สิน,180.1654,123,1.725190,64
บุรีรัมย์,ภาคตะวันออกเฉียงเหนือ,11,10443.2212,1466,89,ปรับปรุงและซ่อมแซมทรัพย์สินเดิม,439.1817,44,4.205424,28
บุรีรัมย์,ภาคตะวันออกเฉียงเหนือ,11,10443.2212,1466,89,อาคารและสิ่งก่อสร้างอื่น,1605.5256,97,15.373854,17
บุรีรัมย์,ภาคตะวันออกเฉียงเหนือ,11,10443.2212,1466,89,อาหารและโภชนาการ,337.8584,228,3.235193,24
บุรีรัมย์,ภาคตะวันออกเฉียงเหนือ,11,10443.2212,1466,89,กิจกรรม อบรม และบริหารจัดการ,85.5063,41,0.818773,75
บุรีรัมย์,ภาคตะวันออกเฉียงเหนือ,11,10443.2212,1466,89,จ้างเหมาและบริการ,365.6063,270,3.500896,15
พระนครศรีอยุธยา,ภาคกลาง,12,9728.6212,868,62,ถนน สะพาน และทางสัญจร,3919.8703,90,40.292146,9
พระนครศรีอยุธยา,ภาคกลาง,12,9728.6212,868,62,บุคลากร สวัสดิการ และเงินอุดหนุน,1234.7909,224,12.692353,70
พระนครศรีอยุธยา,ภาคกลาง,12,9728.6212,868,62,น้ำ ชลประทาน ประปา และระบายน้ำ,2887.3899,68,29.679333,7
พระนครศรีอยุธยา,ภาคกลาง,12,9728.6212,868,62,จัดซื้อครุภัณฑ์ ยานพาหนะ และทรัพย์สิน,191.8170,94,1.971677,54
พระนครศรีอยุธยา,ภาคกลาง,12,9728.6212,868,62,ปรับปรุงและซ่อมแซมทรัพย์สินเดิม,268.3207,9,2.758055,49
พระนครศรีอยุธยา,ภาคกลาง,12,9728.6212,868,62,อาคารและสิ่งก่อสร้างอื่น,688.3158,75,7.075163,71
พระนครศรีอยุธยา,ภาคกลาง,12,9728.6212,868,62,อาหารและโภชนาการ,188.3852,120,1.936402,65
พระนครศรีอยุธยา,ภาคกลาง,12,9728.6212,868,62,กิจกรรม อบรม และบริหารจัดการ,163.7066,24,1.682732,67
พระนครศรีอยุธยา,ภาคกลาง,12,9728.6212,868,62,จ้างเหมาและบริการ,186.0248,164,1.912139,42
นนทบุรี,ภาคกลาง,13,9299.8379,530,72,ถนน สะพาน และทางสัญจร,577.0031,24,6.204443,77
นนทบุรี,ภาคกลาง,13,9299.8379,530,72,บุคลากร สวัสดิการ และเงินอุดหนุน,2432.2690,119,26.153886,27
นนทบุรี,ภาคกลาง,13,9299.8379,530,72,น้ำ ชลประทาน ประปา และระบายน้ำ,1878.1686,41,20.195713,31
นนทบุรี,ภาคกลาง,13,9299.8379,530,72,จัดซื้อครุภัณฑ์ ยานพาหนะ และทรัพย์สิน,192.0785,39,2.065396,52
นนทบุรี,ภาคกลาง,13,9299.8379,530,72,ปรับปรุงและซ่อมแซมทรัพย์สินเดิม,747.6764,50,8.039671,9
นนทบุรี,ภาคกลาง,13,9299.8379,530,72,อาคารและสิ่งก่อสร้างอื่น,2011.6587,65,21.631116,4
นนทบุรี,ภาคกลาง,13,9299.8379,530,72,อาหารและโภชนาการ,308.2703,58,3.314792,22
นนทบุรี,ภาคกลาง,13,9299.8379,530,72,กิจกรรม อบรม และบริหารจัดการ,900.1407,60,9.679101,3
นนทบุรี,ภาคกลาง,13,9299.8379,530,72,จ้างเหมาและบริการ,252.5726,74,2.715882,25
สกลนคร,ภาคตะวันออกเฉียงเหนือ,14,8548.9829,1490,87,ถนน สะพาน และทางสัญจร,1943.7415,107,22.736523,59
สกลนคร,ภาคตะวันออกเฉียงเหนือ,14,8548.9829,1490,87,บุคลากร สวัสดิการ และเงินอุดหนุน,2569.5144,475,30.056375,18
สกลนคร,ภาคตะวันออกเฉียงเหนือ,14,8548.9829,1490,87,น้ำ ชลประทาน ประปา และระบายน้ำ,1635.2441,49,19.127937,33
สกลนคร,ภาคตะวันออกเฉียงเหนือ,14,8548.9829,1490,87,จัดซื้อครุภัณฑ์ ยานพาหนะ และทรัพย์สิน,266.6781,142,3.119413,27
สกลนคร,ภาคตะวันออกเฉียงเหนือ,14,8548.9829,1490,87,ปรับปรุงและซ่อมแซมทรัพย์สินเดิม,222.9378,19,2.607770,50
สกลนคร,ภาคตะวันออกเฉียงเหนือ,14,8548.9829,1490,87,อาคารและสิ่งก่อสร้างอื่น,1146.0115,123,13.405238,27
สกลนคร,ภาคตะวันออกเฉียงเหนือ,14,8548.9829,1490,87,อาหารและโภชนาการ,354.7212,244,4.149280,6
สกลนคร,ภาคตะวันออกเฉียงเหนือ,14,8548.9829,1490,87,กิจกรรม อบรม และบริหารจัดการ,271.0608,57,3.170679,41
สกลนคร,ภาคตะวันออกเฉียงเหนือ,14,8548.9829,1490,87,จ้างเหมาและบริการ,139.0735,274,1.626784,49
ร้อยเอ็ด,ภาคตะวันออกเฉียงเหนือ,15,8523.1859,1519,94,ถนน สะพาน และทางสัญจร,2263.8150,119,26.560667,38
ร้อยเอ็ด,ภาคตะวันออกเฉียงเหนือ,15,8523.1859,1519,94,บุคลากร สวัสดิการ และเงินอุดหนุน,2480.0478,472,29.097662,19
ร้อยเอ็ด,ภาคตะวันออกเฉียงเหนือ,15,8523.1859,1519,94,น้ำ ชลประทาน ประปา และระบายน้ำ,767.1935,36,9.001253,70
ร้อยเอ็ด,ภาคตะวันออกเฉียงเหนือ,15,8523.1859,1519,94,จัดซื้อครุภัณฑ์ ยานพาหนะ และทรัพย์สิน,229.7735,142,2.695864,35
ร้อยเอ็ด,ภาคตะวันออกเฉียงเหนือ,15,8523.1859,1519,94,ปรับปรุงและซ่อมแซมทรัพย์สินเดิม,494.4741,30,5.801517,14
ร้อยเอ็ด,ภาคตะวันออกเฉียงเหนือ,15,8523.1859,1519,94,อาคารและสิ่งก่อสร้างอื่น,1565.5370,136,18.367979,8
ร้อยเอ็ด,ภาคตะวันออกเฉียงเหนือ,15,8523.1859,1519,94,อาหารและโภชนาการ,309.5599,240,3.631974,13
ร้อยเอ็ด,ภาคตะวันออกเฉียงเหนือ,15,8523.1859,1519,94,กิจกรรม อบรม และบริหารจัดการ,240.0447,54,2.816373,50
ร้อยเอ็ด,ภาคตะวันออกเฉียงเหนือ,15,8523.1859,1519,94,จ้างเหมาและบริการ,172.7404,290,2.026712,41
อุดรธานี,ภาคตะวันออกเฉียงเหนือ,16,8361.9866,1373,97,ถนน สะพาน และทางสัญจร,1926.8905,113,23.043454,58
อุดรธานี,ภาคตะวันออกเฉียงเหนือ,16,8361.9866,1373,97,บุคลากร สวัสดิการ และเงินอุดหนุน,2913.9296,427,34.847336,8
อุดรธานี,ภาคตะวันออกเฉียงเหนือ,16,8361.9866,1373,97,น้ำ ชลประทาน ประปา และระบายน้ำ,914.7073,42,10.938875,65
อุดรธานี,ภาคตะวันออกเฉียงเหนือ,16,8361.9866,1373,97,จัดซื้อครุภัณฑ์ ยานพาหนะ และทรัพย์สิน,239.0939,134,2.859295,32
อุดรธานี,ภาคตะวันออกเฉียงเหนือ,16,8361.9866,1373,97,ปรับปรุงและซ่อมแซมทรัพย์สินเดิม,175.9808,26,2.104533,56
อุดรธานี,ภาคตะวันออกเฉียงเหนือ,16,8361.9866,1373,97,อาคารและสิ่งก่อสร้างอื่น,1197.6007,113,14.321964,23
อุดรธานี,ภาคตะวันออกเฉียงเหนือ,16,8361.9866,1373,97,อาหารและโภชนาการ,332.4618,219,3.975871,9
อุดรธานี,ภาคตะวันออกเฉียงเหนือ,16,8361.9866,1373,97,กิจกรรม อบรม และบริหารจัดการ,456.2518,51,5.456261,15
อุดรธานี,ภาคตะวันออกเฉียงเหนือ,16,8361.9866,1373,97,จ้างเหมาและบริการ,205.0702,248,2.452410,29
สมุทรปราการ,ภาคกลาง,17,8338.5375,546,57,ถนน สะพาน และทางสัญจร,2468.3982,41,29.602292,31
สมุทรปราการ,ภาคกลาง,17,8338.5375,546,57,บุคลากร สวัสดิการ และเงินอุดหนุน,1811.8462,167,21.728585,47
สมุทรปราการ,ภาคกลาง,17,8338.5375,546,57,น้ำ ชลประทาน ประปา และระบายน้ำ,1784.6390,10,21.402302,29
สมุทรปราการ,ภาคกลาง,17,8338.5375,546,57,จัดซื้อครุภัณฑ์ ยานพาหนะ และทรัพย์สิน,219.6427,36,2.634067,36
สมุทรปราการ,ภาคกลาง,17,8338.5375,546,57,ปรับปรุงและซ่อมแซมทรัพย์สินเดิม,781.3293,33,9.370100,5
สมุทรปราการ,ภาคกลาง,17,8338.5375,546,57,อาคารและสิ่งก่อสร้างอื่น,730.1519,66,8.756354,62
สมุทรปราการ,ภาคกลาง,17,8338.5375,546,57,อาหารและโภชนาการ,293.5290,76,3.520150,15
สมุทรปราการ,ภาคกลาง,17,8338.5375,546,57,กิจกรรม อบรม และบริหารจัดการ,135.0608,30,1.619718,68
สมุทรปราการ,ภาคกลาง,17,8338.5375,546,57,จ้างเหมาและบริการ,113.9404,87,1.366431,56
สุรินทร์,ภาคตะวันออกเฉียงเหนือ,18,8299.5514,965,60,ถนน สะพาน และทางสัญจร,3723.8597,136,44.868205,5
สุรินทร์,ภาคตะวันออกเฉียงเหนือ,18,8299.5514,965,60,บุคลากร สวัสดิการ และเงินอุดหนุน,1123.2922,263,13.534372,65
สุรินทร์,ภาคตะวันออกเฉียงเหนือ,18,8299.5514,965,60,น้ำ ชลประทาน ประปา และระบายน้ำ,1817.8674,66,21.903201,25
สุรินทร์,ภาคตะวันออกเฉียงเหนือ,18,8299.5514,965,60,จัดซื้อครุภัณฑ์ ยานพาหนะ และทรัพย์สิน,138.6744,79,1.670866,66
สุรินทร์,ภาคตะวันออกเฉียงเหนือ,18,8299.5514,965,60,ปรับปรุงและซ่อมแซมทรัพย์สินเดิม,524.0104,39,6.313720,12
สุรินทร์,ภาคตะวันออกเฉียงเหนือ,18,8299.5514,965,60,อาคารและสิ่งก่อสร้างอื่น,575.8249,110,6.938024,72
สุรินทร์,ภาคตะวันออกเฉียงเหนือ,18,8299.5514,965,60,อาหารและโภชนาการ,199.2818,114,2.401115,45
สุรินทร์,ภาคตะวันออกเฉียงเหนือ,18,8299.5514,965,60,กิจกรรม อบรม และบริหารจัดการ,99.8203,26,1.202719,74
สุรินทร์,ภาคตะวันออกเฉียงเหนือ,18,8299.5514,965,60,จ้างเหมาและบริการ,96.9203,132,1.167778,63
นครปฐม,ภาคกลาง,19,8060.8343,859,64,ถนน สะพาน และทางสัญจร,1422.0397,61,17.641346,71
นครปฐม,ภาคกลาง,19,8060.8343,859,64,บุคลากร สวัสดิการ และเงินอุดหนุน,1607.5183,172,19.942332,49
นครปฐม,ภาคกลาง,19,8060.8343,859,64,น้ำ ชลประทาน ประปา และระบายน้ำ,1176.9682,41,14.601072,48
นครปฐม,ภาคกลาง,19,8060.8343,859,64,จัดซื้อครุภัณฑ์ ยานพาหนะ และทรัพย์สิน,604.0088,119,7.493130,6
นครปฐม,ภาคกลาง,19,8060.8343,859,64,ปรับปรุงและซ่อมแซมทรัพย์สินเดิม,631.6548,29,7.836097,10
นครปฐม,ภาคกลาง,19,8060.8343,859,64,อาคารและสิ่งก่อสร้างอื่น,1312.7889,98,16.286018,15
นครปฐม,ภาคกลาง,19,8060.8343,859,64,อาหารและโภชนาการ,209.0739,88,2.593701,44
นครปฐม,ภาคกลาง,19,8060.8343,859,64,กิจกรรม อบรม และบริหารจัดการ,293.2014,59,3.637358,35
นครปฐม,ภาคกลาง,19,8060.8343,859,64,จ้างเหมาและบริการ,803.5803,192,9.968947,1
ระยอง,ภาคตะวันออก,20,7563.6175,674,61,ถนน สะพาน และทางสัญจร,2846.3240,54,37.631781,13
ระยอง,ภาคตะวันออก,20,7563.6175,674,61,บุคลากร สวัสดิการ และเงินอุดหนุน,1219.0728,202,16.117589,60
ระยอง,ภาคตะวันออก,20,7563.6175,674,61,น้ำ ชลประทาน ประปา และระบายน้ำ,1428.1164,23,18.881394,35
ระยอง,ภาคตะวันออก,20,7563.6175,674,61,จัดซื้อครุภัณฑ์ ยานพาหนะ และทรัพย์สิน,161.4201,59,2.134165,51
ระยอง,ภาคตะวันออก,20,7563.6175,674,61,ปรับปรุงและซ่อมแซมทรัพย์สินเดิม,430.1516,25,5.687115,16
ระยอง,ภาคตะวันออก,20,7563.6175,674,61,อาคารและสิ่งก่อสร้างอื่น,494.7788,68,6.541563,74
ระยอง,ภาคตะวันออก,20,7563.6175,674,61,อาหารและโภชนาการ,256.1943,92,3.387193,18
ระยอง,ภาคตะวันออก,20,7563.6175,674,61,กิจกรรม อบรม และบริหารจัดการ,505.0348,39,6.677159,9
ระยอง,ภาคตะวันออก,20,7563.6175,674,61,จ้างเหมาและบริการ,222.5247,112,2.942041,23
ลำปาง,ภาคเหนือ,21,7490.4735,1075,77,ถนน สะพาน และทางสัญจร,2374.3343,88,31.698054,26
ลำปาง,ภาคเหนือ,21,7490.4735,1075,77,บุคลากร สวัสดิการ และเงินอุดหนุน,2162.8312,350,28.874426,20
ลำปาง,ภาคเหนือ,21,7490.4735,1075,77,น้ำ ชลประทาน ประปา และระบายน้ำ,974.3480,47,13.007829,57
ลำปาง,ภาคเหนือ,21,7490.4735,1075,77,จัดซื้อครุภัณฑ์ ยานพาหนะ และทรัพย์สิน,146.1065,115,1.950564,55
ลำปาง,ภาคเหนือ,21,7490.4735,1075,77,ปรับปรุงและซ่อมแซมทรัพย์สินเดิม,146.7250,15,1.958821,61
ลำปาง,ภาคเหนือ,21,7490.4735,1075,77,อาคารและสิ่งก่อสร้างอื่น,1198.9730,67,16.006638,16
ลำปาง,ภาคเหนือ,21,7490.4735,1075,77,อาหารและโภชนาการ,167.1581,160,2.231609,54
ลำปาง,ภาคเหนือ,21,7490.4735,1075,77,กิจกรรม อบรม และบริหารจัดการ,244.8043,52,3.268209,38
ลำปาง,ภาคเหนือ,21,7490.4735,1075,77,จ้างเหมาและบริการ,75.1931,181,1.003850,67
ศรีสะเกษ,ภาคตะวันออกเฉียงเหนือ,22,7429.1541,916,58,ถนน สะพาน และทางสัญจร,2371.6269,99,31.923243,25
ศรีสะเกษ,ภาคตะวันออกเฉียงเหนือ,22,7429.1541,916,58,บุคลากร สวัสดิการ และเงินอุดหนุน,2305.7462,255,31.036457,16
ศรีสะเกษ,ภาคตะวันออกเฉียงเหนือ,22,7429.1541,916,58,น้ำ ชลประทาน ประปา และระบายน้ำ,936.0560,30,12.599766,59
ศรีสะเกษ,ภาคตะวันออกเฉียงเหนือ,22,7429.1541,916,58,จัดซื้อครุภัณฑ์ ยานพาหนะ และทรัพย์สิน,163.1373,84,2.195907,48
ศรีสะเกษ,ภาคตะวันออกเฉียงเหนือ,22,7429.1541,916,58,ปรับปรุงและซ่อมแซมทรัพย์สินเดิม,226.5798,21,3.049873,43
ศรีสะเกษ,ภาคตะวันออกเฉียงเหนือ,22,7429.1541,916,58,อาคารและสิ่งก่อสร้างอื่น,835.0858,70,11.240658,43
ศรีสะเกษ,ภาคตะวันออกเฉียงเหนือ,22,7429.1541,916,58,อาหารและโภชนาการ,206.6426,130,2.781509,40
ศรีสะเกษ,ภาคตะวันออกเฉียงเหนือ,22,7429.1541,916,58,กิจกรรม อบรม และบริหารจัดการ,135.8024,30,1.827966,64
ศรีสะเกษ,ภาคตะวันออกเฉียงเหนือ,22,7429.1541,916,58,จ้างเหมาและบริการ,248.4771,197,3.344622,17
สุพรรณบุรี,ภาคกลาง,23,7327.4799,1055,76,ถนน สะพาน และทางสัญจร,2170.9150,82,29.627035,30
สุพรรณบุรี,ภาคกลาง,23,7327.4799,1055,76,บุคลากร สวัสดิการ และเงินอุดหนุน,1423.9632,307,19.433191,50
สุพรรณบุรี,ภาคกลาง,23,7327.4799,1055,76,น้ำ ชลประทาน ประปา และระบายน้ำ,1761.9256,70,24.045451,17
สุพรรณบุรี,ภาคกลาง,23,7327.4799,1055,76,จัดซื้อครุภัณฑ์ ยานพาหนะ และทรัพย์สิน,252.3003,105,3.443207,21
สุพรรณบุรี,ภาคกลาง,23,7327.4799,1055,76,ปรับปรุงและซ่อมแซมทรัพย์สินเดิม,304.1537,24,4.150864,29
สุพรรณบุรี,ภาคกลาง,23,7327.4799,1055,76,อาคารและสิ่งก่อสร้างอื่น,801.7470,96,10.941647,45
สุพรรณบุรี,ภาคกลาง,23,7327.4799,1055,76,อาหารและโภชนาการ,174.4131,160,2.380260,47
สุพรรณบุรี,ภาคกลาง,23,7327.4799,1055,76,กิจกรรม อบรม และบริหารจัดการ,363.2990,35,4.958035,21
สุพรรณบุรี,ภาคกลาง,23,7327.4799,1055,76,จ้างเหมาและบริการ,74.7630,176,1.020310,66
กาฬสินธุ์,ภาคตะวันออกเฉียงเหนือ,24,7327.1266,1610,94,ถนน สะพาน และทางสัญจร,1566.0880,100,21.373836,63
กาฬสินธุ์,ภาคตะวันออกเฉียงเหนือ,24,7327.1266,1610,94,บุคลากร สวัสดิการ และเงินอุดหนุน,2494.5614,552,34.045562,9
กาฬสินธุ์,ภาคตะวันออกเฉียงเหนือ,24,7327.1266,1610,94,น้ำ ชลประทาน ประปา และระบายน้ำ,641.3264,30,8.752768,71
กาฬสินธุ์,ภาคตะวันออกเฉียงเหนือ,24,7327.1266,1610,94,จัดซื้อครุภัณฑ์ ยานพาหนะ และทรัพย์สิน,391.9096,187,5.348749,10
กาฬสินธุ์,ภาคตะวันออกเฉียงเหนือ,24,7327.1266,1610,94,ปรับปรุงและซ่อมแซมทรัพย์สินเดิม,148.6533,17,2.028808,59
กาฬสินธุ์,ภาคตะวันออกเฉียงเหนือ,24,7327.1266,1610,94,อาคารและสิ่งก่อสร้างอื่น,1574.4561,109,21.488043,5
กาฬสินธุ์,ภาคตะวันออกเฉียงเหนือ,24,7327.1266,1610,94,อาหารและโภชนาการ,295.4479,279,4.032248,8
กาฬสินธุ์,ภาคตะวันออกเฉียงเหนือ,24,7327.1266,1610,94,กิจกรรม อบรม และบริหารจัดการ,95.2766,33,1.300327,73
กาฬสินธุ์,ภาคตะวันออกเฉียงเหนือ,24,7327.1266,1610,94,จ้างเหมาและบริการ,119.4073,303,1.629661,48
ฉะเชิงเทรา,ภาคตะวันออก,25,7326.6664,768,62,ถนน สะพาน และทางสัญจร,3725.3462,76,50.846401,4
ฉะเชิงเทรา,ภาคตะวันออก,25,7326.6664,768,62,บุคลากร สวัสดิการ และเงินอุดหนุน,891.0129,218,12.161232,72
ฉะเชิงเทรา,ภาคตะวันออก,25,7326.6664,768,62,น้ำ ชลประทาน ประปา และระบายน้ำ,1285.0909,34,17.539913,37
ฉะเชิงเทรา,ภาคตะวันออก,25,7326.6664,768,62,จัดซื้อครุภัณฑ์ ยานพาหนะ และทรัพย์สิน,136.8568,78,1.867927,58
ฉะเชิงเทรา,ภาคตะวันออก,25,7326.6664,768,62,ปรับปรุงและซ่อมแซมทรัพย์สินเดิม,138.4324,10,1.889432,64
ฉะเชิงเทรา,ภาคตะวันออก,25,7326.6664,768,62,อาคารและสิ่งก่อสร้างอื่น,542.5883,64,7.405664,70
ฉะเชิงเทรา,ภาคตะวันออก,25,7326.6664,768,62,อาหารและโภชนาการ,169.1505,120,2.308697,51
ฉะเชิงเทรา,ภาคตะวันออก,25,7326.6664,768,62,กิจกรรม อบรม และบริหารจัดการ,318.5100,25,4.347270,25
ฉะเชิงเทรา,ภาคตะวันออก,25,7326.6664,768,62,จ้างเหมาและบริการ,119.6784,143,1.633463,47
กาญจนบุรี,ภาคตะวันตก,26,7154.4939,1151,76,ถนน สะพาน และทางสัญจร,2657.9326,89,37.150533,15
กาญจนบุรี,ภาคตะวันตก,26,7154.4939,1151,76,บุคลากร สวัสดิการ และเงินอุดหนุน,1708.1109,375,23.874657,37
กาญจนบุรี,ภาคตะวันตก,26,7154.4939,1151,76,น้ำ ชลประทาน ประปา และระบายน้ำ,730.6595,50,10.212595,67
กาญจนบุรี,ภาคตะวันตก,26,7154.4939,1151,76,จัดซื้อครุภัณฑ์ ยานพาหนะ และทรัพย์สิน,316.8714,116,4.428984,16
กาญจนบุรี,ภาคตะวันตก,26,7154.4939,1151,76,ปรับปรุงและซ่อมแซมทรัพย์สินเดิม,218.1819,18,3.049578,44
กาญจนบุรี,ภาคตะวันตก,26,7154.4939,1151,76,อาคารและสิ่งก่อสร้างอื่น,745.2508,75,10.416541,52
กาญจนบุรี,ภาคตะวันตก,26,7154.4939,1151,76,อาหารและโภชนาการ,258.3696,179,3.611291,14
กาญจนบุรี,ภาคตะวันตก,26,7154.4939,1151,76,กิจกรรม อบรม และบริหารจัดการ,365.3455,42,5.106518,19
กาญจนบุรี,ภาคตะวันตก,26,7154.4939,1151,76,จ้างเหมาและบริการ,153.7717,207,2.149302,35
สุราษฎร์ธานี,ภาคใต้,27,7115.2071,935,75,ถนน สะพาน และทางสัญจร,1820.9850,74,25.592860,42
สุราษฎร์ธานี,ภาคใต้,27,7115.2071,935,75,บุคลากร สวัสดิการ และเงินอุดหนุน,2274.3174,284,31.964177,14
สุราษฎร์ธานี,ภาคใต้,27,7115.2071,935,75,น้ำ ชลประทาน ประปา และระบายน้ำ,680.0839,28,9.558174,68
สุราษฎร์ธานี,ภาคใต้,27,7115.2071,935,75,จัดซื้อครุภัณฑ์ ยานพาหนะ และทรัพย์สิน,297.3472,107,4.179038,17
สุราษฎร์ธานี,ภาคใต้,27,7115.2071,935,75,ปรับปรุงและซ่อมแซมทรัพย์สินเดิม,235.6340,17,3.311696,38
สุราษฎร์ธานี,ภาคใต้,27,7115.2071,935,75,อาคารและสิ่งก่อสร้างอื่น,1088.2253,101,15.294359,18
สุราษฎร์ธานี,ภาคใต้,27,7115.2071,935,75,อาหารและโภชนาการ,320.2478,141,4.500892,3
สุราษฎร์ธานี,ภาคใต้,27,7115.2071,935,75,กิจกรรม อบรม และบริหารจัดการ,183.3162,22,2.576400,56
สุราษฎร์ธานี,ภาคใต้,27,7115.2071,935,75,จ้างเหมาและบริการ,215.0503,161,3.022404,21
นครสวรรค์,ภาคกลาง,28,7054.2193,715,53,ถนน สะพาน และทางสัญจร,2635.5661,77,37.361556,14
นครสวรรค์,ภาคกลาง,28,7054.2193,715,53,บุคลากร สวัสดิการ และเงินอุดหนุน,1725.6395,166,24.462516,31
นครสวรรค์,ภาคกลาง,28,7054.2193,715,53,น้ำ ชลประทาน ประปา และระบายน้ำ,1123.4598,52,15.926069,45
นครสวรรค์,ภาคกลาง,28,7054.2193,715,53,จัดซื้อครุภัณฑ์ ยานพาหนะ และทรัพย์สิน,129.9283,61,1.841852,61
นครสวรรค์,ภาคกลาง,28,7054.2193,715,53,ปรับปรุงและซ่อมแซมทรัพย์สินเดิม,373.7210,14,5.297836,18
นครสวรรค์,ภาคกลาง,28,7054.2193,715,53,อาคารและสิ่งก่อสร้างอื่น,670.4510,58,9.504255,58
นครสวรรค์,ภาคกลาง,28,7054.2193,715,53,อาหารและโภชนาการ,135.0193,81,1.914022,66
นครสวรรค์,ภาคกลาง,28,7054.2193,715,53,กิจกรรม อบรม และบริหารจัดการ,127.9908,45,1.814386,65
นครสวรรค์,ภาคกลาง,28,7054.2193,715,53,จ้างเหมาและบริการ,132.4435,161,1.877508,43
ชัยภูมิ,ภาคตะวันออกเฉียงเหนือ,29,7052.9284,924,58,ถนน สะพาน และทางสัญจร,1853.3931,69,26.278348,39
ชัยภูมิ,ภาคตะวันออกเฉียงเหนือ,29,7052.9284,924,58,บุคลากร สวัสดิการ และเงินอุดหนุน,1812.4541,291,25.697895,29
ชัยภูมิ,ภาคตะวันออกเฉียงเหนือ,29,7052.9284,924,58,น้ำ ชลประทาน ประปา และระบายน้ำ,1822.2242,87,25.836420,13
ชัยภูมิ,ภาคตะวันออกเฉียงเหนือ,29,7052.9284,924,58,จัดซื้อครุภัณฑ์ ยานพาหนะ และทรัพย์สิน,190.4971,81,2.700965,34
ชัยภูมิ,ภาคตะวันออกเฉียงเหนือ,29,7052.9284,924,58,ปรับปรุงและซ่อมแซมทรัพย์สินเดิม,142.2524,12,2.016927,60
ชัยภูมิ,ภาคตะวันออกเฉียงเหนือ,29,7052.9284,924,58,อาคารและสิ่งก่อสร้างอื่น,753.1919,100,10.679137,50
ชัยภูมิ,ภาคตะวันออกเฉียงเหนือ,29,7052.9284,924,58,อาหารและโภชนาการ,166.6542,114,2.362908,49
ชัยภูมิ,ภาคตะวันออกเฉียงเหนือ,29,7052.9284,924,58,กิจกรรม อบรม และบริหารจัดการ,167.0118,28,2.367978,62
ชัยภูมิ,ภาคตะวันออกเฉียงเหนือ,29,7052.9284,924,58,จ้างเหมาและบริการ,145.2496,142,2.059423,37
มหาสารคาม,ภาคตะวันออกเฉียงเหนือ,30,6806.0979,657,41,ถนน สะพาน และทางสัญจร,1516.1598,70,22.276491,61
มหาสารคาม,ภาคตะวันออกเฉียงเหนือ,30,6806.0979,657,41,บุคลากร สวัสดิการ และเงินอุดหนุน,2847.8952,177,41.843289,5
มหาสารคาม,ภาคตะวันออกเฉียงเหนือ,30,6806.0979,657,41,น้ำ ชลประทาน ประปา และระบายน้ำ,775.6918,49,11.397012,62
มหาสารคาม,ภาคตะวันออกเฉียงเหนือ,30,6806.0979,657,41,จัดซื้อครุภัณฑ์ ยานพาหนะ และทรัพย์สิน,164.9759,62,2.423943,40
มหาสารคาม,ภาคตะวันออกเฉียงเหนือ,30,6806.0979,657,41,ปรับปรุงและซ่อมแซมทรัพย์สินเดิม,157.1939,15,2.309604,54
มหาสารคาม,ภาคตะวันออกเฉียงเหนือ,30,6806.0979,657,41,อาคารและสิ่งก่อสร้างอื่น,692.1547,78,10.169626,55
มหาสารคาม,ภาคตะวันออกเฉียงเหนือ,30,6806.0979,657,41,อาหารและโภชนาการ,117.5874,68,1.727677,69
มหาสารคาม,ภาคตะวันออกเฉียงเหนือ,30,6806.0979,657,41,กิจกรรม อบรม และบริหารจัดการ,249.7578,39,3.669618,34
มหาสารคาม,ภาคตะวันออกเฉียงเหนือ,30,6806.0979,657,41,จ้างเหมาและบริการ,284.6814,99,4.182740,9
พะเยา,ภาคเหนือ,31,6231.1188,854,60,ถนน สะพาน และทางสัญจร,903.6729,60,14.502579,75
พะเยา,ภาคเหนือ,31,6231.1188,854,60,บุคลากร สวัสดิการ และเงินอุดหนุน,2108.3956,264,33.836550,10
พะเยา,ภาคเหนือ,31,6231.1188,854,60,น้ำ ชลประทาน ประปา และระบายน้ำ,1786.6840,42,28.673567,8
พะเยา,ภาคเหนือ,31,6231.1188,854,60,จัดซื้อครุภัณฑ์ ยานพาหนะ และทรัพย์สิน,147.9335,72,2.374108,42
พะเยา,ภาคเหนือ,31,6231.1188,854,60,ปรับปรุงและซ่อมแซมทรัพย์สินเดิม,48.1886,11,0.773354,76
พะเยา,ภาคเหนือ,31,6231.1188,854,60,อาคารและสิ่งก่อสร้างอื่น,495.2206,57,7.947539,65
พะเยา,ภาคเหนือ,31,6231.1188,854,60,อาหารและโภชนาการ,115.6077,124,1.855328,67
พะเยา,ภาคเหนือ,31,6231.1188,854,60,กิจกรรม อบรม และบริหารจัดการ,339.6595,33,5.451019,16
พะเยา,ภาคเหนือ,31,6231.1188,854,60,จ้างเหมาและบริการ,285.7564,191,4.585957,7
นราธิวาส,ภาคใต้,32,6190.6364,616,43,ถนน สะพาน และทางสัญจร,1472.3605,73,23.783669,53
นราธิวาส,ภาคใต้,32,6190.6364,616,43,บุคลากร สวัสดิการ และเงินอุดหนุน,1725.6437,169,27.875061,21
นราธิวาส,ภาคใต้,32,6190.6364,616,43,น้ำ ชลประทาน ประปา และระบายน้ำ,1342.6357,79,21.688169,28
นราธิวาส,ภาคใต้,32,6190.6364,616,43,จัดซื้อครุภัณฑ์ ยานพาหนะ และทรัพย์สิน,115.4830,58,1.865446,59
นราธิวาส,ภาคใต้,32,6190.6364,616,43,ปรับปรุงและซ่อมแซมทรัพย์สินเดิม,147.3676,17,2.380492,53
นราธิวาส,ภาคใต้,32,6190.6364,616,43,อาคารและสิ่งก่อสร้างอื่น,637.6943,49,10.300949,53
นราธิวาส,ภาคใต้,32,6190.6364,616,43,อาหารและโภชนาการ,175.2181,63,2.830373,39
นราธิวาส,ภาคใต้,32,6190.6364,616,43,กิจกรรม อบรม และบริหารจัดการ,183.6319,24,2.966285,46
นราธิวาส,ภาคใต้,32,6190.6364,616,43,จ้างเหมาและบริการ,390.6016,84,6.309555,4
ราชบุรี,ภาคตะวันตก,33,6146.1080,807,70,ถนน สะพาน และทางสัญจร,2011.9160,56,32.734797,24
ราชบุรี,ภาคตะวันตก,33,6146.1080,807,70,บุคลากร สวัสดิการ และเงินอุดหนุน,1369.5252,230,22.282804,45
ราชบุรี,ภาคตะวันตก,33,6146.1080,807,70,น้ำ ชลประทาน ประปา และระบายน้ำ,982.4998,42,15.985723,44
ราชบุรี,ภาคตะวันตก,33,6146.1080,807,70,จัดซื้อครุภัณฑ์ ยานพาหนะ และทรัพย์สิน,209.5911,96,3.410143,22
ราชบุรี,ภาคตะวันตก,33,6146.1080,807,70,ปรับปรุงและซ่อมแซมทรัพย์สินเดิม,271.2774,20,4.413808,26
ราชบุรี,ภาคตะวันตก,33,6146.1080,807,70,อาคารและสิ่งก่อสร้างอื่น,659.7683,71,10.734733,48
ราชบุรี,ภาคตะวันตก,33,6146.1080,807,70,อาหารและโภชนาการ,193.8523,114,3.154066,27
ราชบุรี,ภาคตะวันตก,33,6146.1080,807,70,กิจกรรม อบรม และบริหารจัดการ,341.7588,35,5.560573,14
ราชบุรี,ภาคตะวันตก,33,6146.1080,807,70,จ้างเหมาและบริการ,105.9191,143,1.723352,44
กำแพงเพชร,ภาคกลาง,34,6046.4358,803,48,ถนน สะพาน และทางสัญจร,2140.6741,55,35.403900,18
กำแพงเพชร,ภาคกลาง,34,6046.4358,803,48,บุคลากร สวัสดิการ และเงินอุดหนุน,1374.2264,231,22.727875,44
กำแพงเพชร,ภาคกลาง,34,6046.4358,803,48,น้ำ ชลประทาน ประปา และระบายน้ำ,1151.1926,50,19.039193,34
กำแพงเพชร,ภาคกลาง,34,6046.4358,803,48,จัดซื้อครุภัณฑ์ ยานพาหนะ และทรัพย์สิน,108.9508,73,1.801901,62
กำแพงเพชร,ภาคกลาง,34,6046.4358,803,48,ปรับปรุงและซ่อมแซมทรัพย์สินเดิม,184.9806,14,3.059333,42
กำแพงเพชร,ภาคกลาง,34,6046.4358,803,48,อาคารและสิ่งก่อสร้างอื่น,781.7720,96,12.929468,30
กำแพงเพชร,ภาคกลาง,34,6046.4358,803,48,อาหารและโภชนาการ,132.0620,100,2.184130,56
กำแพงเพชร,ภาคกลาง,34,6046.4358,803,48,กิจกรรม อบรม และบริหารจัดการ,80.7321,43,1.335201,72
กำแพงเพชร,ภาคกลาง,34,6046.4358,803,48,จ้างเหมาและบริการ,91.8452,141,1.518997,52
ตรัง,ภาคใต้,35,5842.2970,628,53,ถนน สะพาน และทางสัญจร,2975.1655,71,50.924585,3
ตรัง,ภาคใต้,35,5842.2970,628,53,บุคลากร สวัสดิการ และเงินอุดหนุน,871.5996,176,14.918783,63
ตรัง,ภาคใต้,35,5842.2970,628,53,น้ำ ชลประทาน ประปา และระบายน้ำ,641.2206,31,10.975488,64
ตรัง,ภาคใต้,35,5842.2970,628,53,จัดซื้อครุภัณฑ์ ยานพาหนะ และทรัพย์สิน,119.2730,56,2.041543,53
ตรัง,ภาคใต้,35,5842.2970,628,53,ปรับปรุงและซ่อมแซมทรัพย์สินเดิม,297.3731,18,5.090003,21
ตรัง,ภาคใต้,35,5842.2970,628,53,อาคารและสิ่งก่อสร้างอื่น,637.4548,52,10.911030,46
ตรัง,ภาคใต้,35,5842.2970,628,53,อาหารและโภชนาการ,122.5469,88,2.097581,59
ตรัง,ภาคใต้,35,5842.2970,628,53,กิจกรรม อบรม และบริหารจัดการ,79.6647,22,1.363585,71
ตรัง,ภาคใต้,35,5842.2970,628,53,จ้างเหมาและบริการ,97.9988,114,1.677402,45
หนองคาย,ภาคตะวันออกเฉียงเหนือ,36,5510.4383,473,44,ถนน สะพาน และทางสัญจร,1135.3192,57,20.603065,65
หนองคาย,ภาคตะวันออกเฉียงเหนือ,36,5510.4383,473,44,บุคลากร สวัสดิการ และเงินอุดหนุน,714.3637,118,12.963827,67
หนองคาย,ภาคตะวันออกเฉียงเหนือ,36,5510.4383,473,44,น้ำ ชลประทาน ประปา และระบายน้ำ,2613.0192,54,47.419444,1
หนองคาย,ภาคตะวันออกเฉียงเหนือ,36,5510.4383,473,44,จัดซื้อครุภัณฑ์ ยานพาหนะ และทรัพย์สิน,72.7223,40,1.319719,70
หนองคาย,ภาคตะวันออกเฉียงเหนือ,36,5510.4383,473,44,ปรับปรุงและซ่อมแซมทรัพย์สินเดิม,96.6629,10,1.754178,66
หนองคาย,ภาคตะวันออกเฉียงเหนือ,36,5510.4383,473,44,อาคารและสิ่งก่อสร้างอื่น,448.9159,48,8.146646,64
หนองคาย,ภาคตะวันออกเฉียงเหนือ,36,5510.4383,473,44,อาหารและโภชนาการ,80.4063,52,1.459163,76
หนองคาย,ภาคตะวันออกเฉียงเหนือ,36,5510.4383,473,44,กิจกรรม อบรม และบริหารจัดการ,297.3217,31,5.395609,17
หนองคาย,ภาคตะวันออกเฉียงเหนือ,36,5510.4383,473,44,จ้างเหมาและบริการ,51.7071,63,0.938348,69
เพชรบูรณ์,ภาคกลาง,37,5469.5015,696,49,ถนน สะพาน และทางสัญจร,1518.4499,62,27.762126,35
เพชรบูรณ์,ภาคกลาง,37,5469.5015,696,49,บุคลากร สวัสดิการ และเงินอุดหนุน,1344.8627,184,24.588396,30
เพชรบูรณ์,ภาคกลาง,37,5469.5015,696,49,น้ำ ชลประทาน ประปา และระบายน้ำ,1327.9241,43,24.278704,15
เพชรบูรณ์,ภาคกลาง,37,5469.5015,696,49,จัดซื้อครุภัณฑ์ ยานพาหนะ และทรัพย์สิน,176.0953,89,3.219586,25
เพชรบูรณ์,ภาคกลาง,37,5469.5015,696,49,ปรับปรุงและซ่อมแซมทรัพย์สินเดิม,82.8645,11,1.515028,71
เพชรบูรณ์,ภาคกลาง,37,5469.5015,696,49,อาคารและสิ่งก่อสร้างอื่น,550.0598,53,10.056854,56
เพชรบูรณ์,ภาคกลาง,37,5469.5015,696,49,อาหารและโภชนาการ,106.1575,90,1.940899,64
เพชรบูรณ์,ภาคกลาง,37,5469.5015,696,49,กิจกรรม อบรม และบริหารจัดการ,278.4292,46,5.090577,20
เพชรบูรณ์,ภาคกลาง,37,5469.5015,696,49,จ้างเหมาและบริการ,84.6585,118,1.547828,51
ลพบุรี,ภาคกลาง,38,5467.0593,632,50,ถนน สะพาน และทางสัญจร,1179.5037,62,21.574738,62
ลพบุรี,ภาคกลาง,38,5467.0593,632,50,บุคลากร สวัสดิการ และเงินอุดหนุน,842.7462,185,15.414982,62
ลพบุรี,ภาคกลาง,38,5467.0593,632,50,น้ำ ชลประทาน ประปา และระบายน้ำ,1463.7747,33,26.774443,11
ลพบุรี,ภาคกลาง,38,5467.0593,632,50,จัดซื้อครุภัณฑ์ ยานพาหนะ และทรัพย์สิน,163.4871,75,2.990403,28
ลพบุรี,ภาคกลาง,38,5467.0593,632,50,ปรับปรุงและซ่อมแซมทรัพย์สินเดิม,236.8852,15,4.332955,27
ลพบุรี,ภาคกลาง,38,5467.0593,632,50,อาคารและสิ่งก่อสร้างอื่น,823.3121,55,15.059506,20
ลพบุรี,ภาคกลาง,38,5467.0593,632,50,อาหารและโภชนาการ,116.0544,80,2.122794,58
ลพบุรี,ภาคกลาง,38,5467.0593,632,50,กิจกรรม อบรม และบริหารจัดการ,549.8547,28,10.057595,2
ลพบุรี,ภาคกลาง,38,5467.0593,632,50,จ้างเหมาและบริการ,91.4412,99,1.672585,46
เพชรบุรี,ภาคตะวันตก,39,5457.7659,500,40,ถนน สะพาน และทางสัญจร,1160.4946,48,21.263180,64
เพชรบุรี,ภาคตะวันตก,39,5457.7659,500,40,บุคลากร สวัสดิการ และเงินอุดหนุน,1258.3747,113,23.056590,41
เพชรบุรี,ภาคตะวันตก,39,5457.7659,500,40,น้ำ ชลประทาน ประปา และระบายน้ำ,1423.0690,41,26.074204,12
เพชรบุรี,ภาคตะวันตก,39,5457.7659,500,40,จัดซื้อครุภัณฑ์ ยานพาหนะ และทรัพย์สิน,267.0747,61,4.893480,12
เพชรบุรี,ภาคตะวันตก,39,5457.7659,500,40,ปรับปรุงและซ่อมแซมทรัพย์สินเดิม,211.5483,12,3.876097,33
เพชรบุรี,ภาคตะวันตก,39,5457.7659,500,40,อาคารและสิ่งก่อสร้างอื่น,313.0746,34,5.736314,76
เพชรบุรี,ภาคตะวันตก,39,5457.7659,500,40,อาหารและโภชนาการ,84.1462,52,1.541770,73
เพชรบุรี,ภาคตะวันตก,39,5457.7659,500,40,กิจกรรม อบรม และบริหารจัดการ,243.4879,35,4.461311,23
เพชรบุรี,ภาคตะวันตก,39,5457.7659,500,40,จ้างเหมาและบริการ,496.4959,104,9.097054,2
จันทบุรี,ภาคตะวันออก,40,5407.1961,953,72,ถนน สะพาน และทางสัญจร,1452.9464,71,26.870607,37
จันทบุรี,ภาคตะวันออก,40,5407.1961,953,72,บุคลากร สวัสดิการ และเงินอุดหนุน,1253.9227,317,23.189888,40
จันทบุรี,ภาคตะวันออก,40,5407.1961,953,72,น้ำ ชลประทาน ประปา และระบายน้ำ,1213.6666,27,22.445396,22
จันทบุรี,ภาคตะวันออก,40,5407.1961,953,72,จัดซื้อครุภัณฑ์ ยานพาหนะ และทรัพย์สิน,201.8709,82,3.733375,18
จันทบุรี,ภาคตะวันออก,40,5407.1961,953,72,ปรับปรุงและซ่อมแซมทรัพย์สินเดิม,252.8586,19,4.676335,23
จันทบุรี,ภาคตะวันออก,40,5407.1961,953,72,อาคารและสิ่งก่อสร้างอื่น,613.5342,67,11.346624,41
จันทบุรี,ภาคตะวันออก,40,5407.1961,953,72,อาหารและโภชนาการ,209.8027,164,3.880065,11
จันทบุรี,ภาคตะวันออก,40,5407.1961,953,72,กิจกรรม อบรม และบริหารจัดการ,120.8482,25,2.234951,63
จันทบุรี,ภาคตะวันออก,40,5407.1961,953,72,จ้างเหมาและบริการ,87.7458,181,1.622760,50
เลย,ภาคตะวันออกเฉียงเหนือ,41,5402.2379,788,55,ถนน สะพาน และทางสัญจร,1313.0444,72,24.305564,48
เลย,ภาคตะวันออกเฉียงเหนือ,41,5402.2379,788,55,บุคลากร สวัสดิการ และเงินอุดหนุน,924.6934,241,17.116858,56
เลย,ภาคตะวันออกเฉียงเหนือ,41,5402.2379,788,55,น้ำ ชลประทาน ประปา และระบายน้ำ,1844.2136,63,34.137956,3
เลย,ภาคตะวันออกเฉียงเหนือ,41,5402.2379,788,55,จัดซื้อครุภัณฑ์ ยานพาหนะ และทรัพย์สิน,89.2678,66,1.652423,68
เลย,ภาคตะวันออกเฉียงเหนือ,41,5402.2379,788,55,ปรับปรุงและซ่อมแซมทรัพย์สินเดิม,152.0652,17,2.814856,48
เลย,ภาคตะวันออกเฉียงเหนือ,41,5402.2379,788,55,อาคารและสิ่งก่อสร้างอื่น,679.7598,71,12.582930,32
เลย,ภาคตะวันออกเฉียงเหนือ,41,5402.2379,788,55,อาหารและโภชนาการ,155.3420,104,2.875512,38
เลย,ภาคตะวันออกเฉียงเหนือ,41,5402.2379,788,55,กิจกรรม อบรม และบริหารจัดการ,175.9584,44,3.257139,40
เลย,ภาคตะวันออกเฉียงเหนือ,41,5402.2379,788,55,จ้างเหมาและบริการ,67.8933,110,1.256762,61
ยะลา,ภาคใต้,42,5208.6049,547,40,ถนน สะพาน และทางสัญจร,1310.7701,54,25.165474,44
ยะลา,ภาคใต้,42,5208.6049,547,40,บุคลากร สวัสดิการ และเงินอุดหนุน,1365.4207,172,26.214711,26
ยะลา,ภาคใต้,42,5208.6049,547,40,น้ำ ชลประทาน ประปา และระบายน้ำ,743.5101,36,14.274650,50
ยะลา,ภาคใต้,42,5208.6049,547,40,จัดซื้อครุภัณฑ์ ยานพาหนะ และทรัพย์สิน,88.6465,48,1.701924,65
ยะลา,ภาคใต้,42,5208.6049,547,40,ปรับปรุงและซ่อมแซมทรัพย์สินเดิม,654.9104,22,12.573624,3
ยะลา,ภาคใต้,42,5208.6049,547,40,อาคารและสิ่งก่อสร้างอื่น,643.4887,42,12.354339,33
ยะลา,ภาคใต้,42,5208.6049,547,40,อาหารและโภชนาการ,124.8863,64,2.397692,46
ยะลา,ภาคใต้,42,5208.6049,547,40,กิจกรรม อบรม และบริหารจัดการ,218.8337,26,4.201388,26
ยะลา,ภาคใต้,42,5208.6049,547,40,จ้างเหมาและบริการ,58.1384,83,1.116199,64
พัทลุง,ภาคใต้,43,5192.0743,1135,67,ถนน สะพาน และทางสัญจร,1619.3531,89,31.188943,27
พัทลุง,ภาคใต้,43,5192.0743,1135,67,บุคลากร สวัสดิการ และเงินอุดหนุน,1417.3436,402,27.298215,23
พัทลุง,ภาคใต้,43,5192.0743,1135,67,น้ำ ชลประทาน ประปา และระบายน้ำ,482.2584,34,9.288357,69
พัทลุง,ภาคใต้,43,5192.0743,1135,67,จัดซื้อครุภัณฑ์ ยานพาหนะ และทรัพย์สิน,134.0731,105,2.582265,38
พัทลุง,ภาคใต้,43,5192.0743,1135,67,ปรับปรุงและซ่อมแซมทรัพย์สินเดิม,105.3673,12,2.029387,58
พัทลุง,ภาคใต้,43,5192.0743,1135,67,อาคารและสิ่งก่อสร้างอื่น,908.6738,68,17.501171,11
พัทลุง,ภาคใต้,43,5192.0743,1135,67,อาหารและโภชนาการ,197.1928,185,3.797958,12
พัทลุง,ภาคใต้,43,5192.0743,1135,67,กิจกรรม อบรม และบริหารจัดการ,142.3428,39,2.741540,51
พัทลุง,ภาคใต้,43,5192.0743,1135,67,จ้างเหมาและบริการ,185.4694,201,3.572164,13
พิษณุโลก,ภาคกลาง,44,5135.3892,743,70,ถนน สะพาน และทางสัญจร,1240.6681,58,24.159183,50
พิษณุโลก,ภาคกลาง,44,5135.3892,743,70,บุคลากร สวัสดิการ และเงินอุดหนุน,1043.5229,193,20.320230,48
พิษณุโลก,ภาคกลาง,44,5135.3892,743,70,น้ำ ชลประทาน ประปา และระบายน้ำ,555.9745,35,10.826336,66
พิษณุโลก,ภาคกลาง,44,5135.3892,743,70,จัดซื้อครุภัณฑ์ ยานพาหนะ และทรัพย์สิน,649.8833,99,12.654996,1
พิษณุโลก,ภาคกลาง,44,5135.3892,743,70,ปรับปรุงและซ่อมแซมทรัพย์สินเดิม,167.0901,21,3.253699,39
พิษณุโลก,ภาคกลาง,44,5135.3892,743,70,อาคารและสิ่งก่อสร้างอื่น,889.5827,63,17.322596,13
พิษณุโลก,ภาคกลาง,44,5135.3892,743,70,อาหารและโภชนาการ,165.8455,97,3.229463,25
พิษณุโลก,ภาคกลาง,44,5135.3892,743,70,กิจกรรม อบรม และบริหารจัดการ,223.2806,32,4.347881,24
พิษณุโลก,ภาคกลาง,44,5135.3892,743,70,จ้างเหมาและบริการ,199.5415,145,3.885616,11
ประจวบคีรีขันธ์,ภาคตะวันตก,45,5134.5212,555,46,ถนน สะพาน และทางสัญจร,2034.5778,74,39.625463,10
ประจวบคีรีขันธ์,ภาคตะวันตก,45,5134.5212,555,46,บุคลากร สวัสดิการ และเงินอุดหนุน,693.5077,143,13.506765,66
ประจวบคีรีขันธ์,ภาคตะวันตก,45,5134.5212,555,46,น้ำ ชลประทาน ประปา และระบายน้ำ,816.3023,26,15.898314,46
ประจวบคีรีขันธ์,ภาคตะวันตก,45,5134.5212,555,46,จัดซื้อครุภัณฑ์ ยานพาหนะ และทรัพย์สิน,122.7126,38,2.389952,41
ประจวบคีรีขันธ์,ภาคตะวันตก,45,5134.5212,555,46,ปรับปรุงและซ่อมแซมทรัพย์สินเดิม,95.8138,9,1.866071,65
ประจวบคีรีขันธ์,ภาคตะวันตก,45,5134.5212,555,46,อาคารและสิ่งก่อสร้างอื่น,880.8401,60,17.155253,14
ประจวบคีรีขันธ์,ภาคตะวันตก,45,5134.5212,555,46,อาหารและโภชนาการ,104.9690,58,2.044378,62
ประจวบคีรีขันธ์,ภาคตะวันตก,45,5134.5212,555,46,กิจกรรม อบรม และบริหารจัดการ,313.2202,41,6.100281,12
ประจวบคีรีขันธ์,ภาคตะวันตก,45,5134.5212,555,46,จ้างเหมาและบริการ,72.5777,106,1.413524,55
นครพนม,ภาคตะวันออกเฉียงเหนือ,46,5036.4391,621,42,ถนน สะพาน และทางสัญจร,1374.8927,60,27.298904,36
นครพนม,ภาคตะวันออกเฉียงเหนือ,46,5036.4391,621,42,บุคลากร สวัสดิการ และเงินอุดหนุน,1210.9234,158,24.043245,35
นครพนม,ภาคตะวันออกเฉียงเหนือ,46,5036.4391,621,42,น้ำ ชลประทาน ประปา และระบายน้ำ,1176.4312,50,23.358392,18
นครพนม,ภาคตะวันออกเฉียงเหนือ,46,5036.4391,621,42,จัดซื้อครุภัณฑ์ ยานพาหนะ และทรัพย์สิน,165.2957,72,3.281995,23
นครพนม,ภาคตะวันออกเฉียงเหนือ,46,5036.4391,621,42,ปรับปรุงและซ่อมแซมทรัพย์สินเดิม,232.1609,14,4.609624,25
นครพนม,ภาคตะวันออกเฉียงเหนือ,46,5036.4391,621,42,อาคารและสิ่งก่อสร้างอื่น,448.6142,61,8.907369,61
นครพนม,ภาคตะวันออกเฉียงเหนือ,46,5036.4391,621,42,อาหารและโภชนาการ,134.8949,73,2.678378,43
นครพนม,ภาคตะวันออกเฉียงเหนือ,46,5036.4391,621,42,กิจกรรม อบรม และบริหารจัดการ,189.8185,39,3.768903,33
นครพนม,ภาคตะวันออกเฉียงเหนือ,46,5036.4391,621,42,จ้างเหมาและบริการ,103.4076,94,2.053189,38
ปัตตานี,ภาคใต้,47,4929.6793,516,47,ถนน สะพาน และทางสัญจร,1802.6418,57,36.567121,17
ปัตตานี,ภาคใต้,47,4929.6793,516,47,บุคลากร สวัสดิการ และเงินอุดหนุน,1364.1319,149,27.671818,22
ปัตตานี,ภาคใต้,47,4929.6793,516,47,น้ำ ชลประทาน ประปา และระบายน้ำ,857.9575,62,17.403921,39
ปัตตานี,ภาคใต้,47,4929.6793,516,47,จัดซื้อครุภัณฑ์ ยานพาหนะ และทรัพย์สิน,86.0593,54,1.745738,63
ปัตตานี,ภาคใต้,47,4929.6793,516,47,ปรับปรุงและซ่อมแซมทรัพย์สินเดิม,95.6706,5,1.940706,62
ปัตตานี,ภาคใต้,47,4929.6793,516,47,อาคารและสิ่งก่อสร้างอื่น,387.3890,44,7.858300,66
ปัตตานี,ภาคใต้,47,4929.6793,516,47,อาหารและโภชนาการ,74.5837,54,1.512952,75
ปัตตานี,ภาคใต้,47,4929.6793,516,47,กิจกรรม อบรม และบริหารจัดการ,153.7003,23,3.117856,43
ปัตตานี,ภาคใต้,47,4929.6793,516,47,จ้างเหมาและบริการ,107.5452,68,2.181586,33
อุทัยธานี,ภาคกลาง,48,4733.0355,415,34,ถนน สะพาน และทางสัญจร,1100.5721,38,23.252986,57
อุทัยธานี,ภาคกลาง,48,4733.0355,415,34,บุคลากร สวัสดิการ และเงินอุดหนุน,401.2532,117,8.477714,76
อุทัยธานี,ภาคกลาง,48,4733.0355,415,34,น้ำ ชลประทาน ประปา และระบายน้ำ,1573.3273,33,33.241401,4
อุทัยธานี,ภาคกลาง,48,4733.0355,415,34,จัดซื้อครุภัณฑ์ ยานพาหนะ และทรัพย์สิน,35.6812,30,0.753876,77
อุทัยธานี,ภาคกลาง,48,4733.0355,415,34,ปรับปรุงและซ่อมแซมทรัพย์สินเดิม,946.6629,20,20.001179,1
อุทัยธานี,ภาคกลาง,48,4733.0355,415,34,อาคารและสิ่งก่อสร้างอื่น,290.5661,40,6.139107,75
อุทัยธานี,ภาคกลาง,48,4733.0355,415,34,อาหารและโภชนาการ,52.2068,50,1.103030,77
อุทัยธานี,ภาคกลาง,48,4733.0355,415,34,กิจกรรม อบรม และบริหารจัดการ,300.0852,30,6.340227,10
อุทัยธานี,ภาคกลาง,48,4733.0355,415,34,จ้างเหมาและบริการ,32.6807,57,0.690481,73
สระบุรี,ภาคกลาง,49,4559.6108,778,56,ถนน สะพาน และทางสัญจร,1512.3924,57,33.169331,23
สระบุรี,ภาคกลาง,49,4559.6108,778,56,บุคลากร สวัสดิการ และเงินอุดหนุน,1114.9360,234,24.452438,32
สระบุรี,ภาคกลาง,49,4559.6108,778,56,น้ำ ชลประทาน ประปา และระบายน้ำ,744.3141,33,16.324071,42
สระบุรี,ภาคกลาง,49,4559.6108,778,56,จัดซื้อครุภัณฑ์ ยานพาหนะ และทรัพย์สิน,111.9889,84,2.456107,39
สระบุรี,ภาคกลาง,49,4559.6108,778,56,ปรับปรุงและซ่อมแซมทรัพย์สินเดิม,186.2219,14,4.084162,31
สระบุรี,ภาคกลาง,49,4559.6108,778,56,อาคารและสิ่งก่อสร้างอื่น,488.7115,60,10.718272,49
สระบุรี,ภาคกลาง,49,4559.6108,778,56,อาหารและโภชนาการ,187.4954,129,4.112092,7
สระบุรี,ภาคกลาง,49,4559.6108,778,56,กิจกรรม อบรม และบริหารจัดการ,114.7041,24,2.515656,58
สระบุรี,ภาคกลาง,49,4559.6108,778,56,จ้างเหมาและบริการ,98.8465,143,2.167871,34
ชัยนาท,ภาคกลาง,50,4550.0246,875,58,ถนน สะพาน และทางสัญจร,1183.6696,74,26.014576,40
ชัยนาท,ภาคกลาง,50,4550.0246,875,58,บุคลากร สวัสดิการ และเงินอุดหนุน,829.1553,270,18.223095,54
ชัยนาท,ภาคกลาง,50,4550.0246,875,58,น้ำ ชลประทาน ประปา และระบายน้ำ,1363.7780,58,29.972981,5
ชัยนาท,ภาคกลาง,50,4550.0246,875,58,จัดซื้อครุภัณฑ์ ยานพาหนะ และทรัพย์สิน,84.6617,75,1.860687,60
ชัยนาท,ภาคกลาง,50,4550.0246,875,58,ปรับปรุงและซ่อมแซมทรัพย์สินเดิม,134.0511,8,2.946162,47
ชัยนาท,ภาคกลาง,50,4550.0246,875,58,อาคารและสิ่งก่อสร้างอื่น,657.8153,67,14.457401,22
ชัยนาท,ภาคกลาง,50,4550.0246,875,58,อาหารและโภชนาการ,107.3138,140,2.358532,50
ชัยนาท,ภาคกลาง,50,4550.0246,875,58,กิจกรรม อบรม และบริหารจัดการ,130.0356,22,2.857910,49
ชัยนาท,ภาคกลาง,50,4550.0246,875,58,จ้างเหมาและบริการ,59.5442,161,1.308657,60
อุตรดิตถ์,ภาคเหนือ,51,4547.1730,811,52,ถนน สะพาน และทางสัญจร,774.1145,44,17.024083,72
อุตรดิตถ์,ภาคเหนือ,51,4547.1730,811,52,บุคลากร สวัสดิการ และเงินอุดหนุน,1367.0084,217,30.062819,17
อุตรดิตถ์,ภาคเหนือ,51,4547.1730,811,52,น้ำ ชลประทาน ประปา และระบายน้ำ,1037.1205,28,22.808028,19
อุตรดิตถ์,ภาคเหนือ,51,4547.1730,811,52,จัดซื้อครุภัณฑ์ ยานพาหนะ และทรัพย์สิน,99.9599,79,2.198287,47
อุตรดิตถ์,ภาคเหนือ,51,4547.1730,811,52,ปรับปรุงและซ่อมแซมทรัพย์สินเดิม,32.0055,8,0.703855,77
อุตรดิตถ์,ภาคเหนือ,51,4547.1730,811,52,อาคารและสิ่งก่อสร้างอื่น,791.8783,76,17.414739,12
อุตรดิตถ์,ภาคเหนือ,51,4547.1730,811,52,อาหารและโภชนาการ,88.8824,96,1.954674,63
อุตรดิตถ์,ภาคเหนือ,51,4547.1730,811,52,กิจกรรม อบรม และบริหารจัดการ,219.1341,41,4.819128,22
อุตรดิตถ์,ภาคเหนือ,51,4547.1730,811,52,จ้างเหมาและบริการ,137.0694,222,3.014387,22
กระบี่,ภาคใต้,52,4426.4806,469,41,ถนน สะพาน และทางสัญจร,1732.8587,50,39.147550,11
กระบี่,ภาคใต้,52,4426.4806,469,41,บุคลากร สวัสดิการ และเงินอุดหนุน,693.4316,144,15.665529,61
กระบี่,ภาคใต้,52,4426.4806,469,41,น้ำ ชลประทาน ประปา และระบายน้ำ,562.7311,25,12.712833,58
กระบี่,ภาคใต้,52,4426.4806,469,41,จัดซื้อครุภัณฑ์ ยานพาหนะ และทรัพย์สิน,392.1874,36,8.860028,5
กระบี่,ภาคใต้,52,4426.4806,469,41,ปรับปรุงและซ่อมแซมทรัพย์สินเดิม,377.4958,14,8.528125,8
กระบี่,ภาคใต้,52,4426.4806,469,41,อาคารและสิ่งก่อสร้างอื่น,344.8340,42,7.790252,68
กระบี่,ภาคใต้,52,4426.4806,469,41,อาหารและโภชนาการ,138.9022,60,3.137983,28
กระบี่,ภาคใต้,52,4426.4806,469,41,กิจกรรม อบรม และบริหารจัดการ,129.0835,29,2.916165,47
กระบี่,ภาคใต้,52,4426.4806,469,41,จ้างเหมาและบริการ,54.9563,69,1.241535,62
น่าน,ภาคเหนือ,53,4317.2626,590,52,ถนน สะพาน และทางสัญจร,1312.1749,57,30.393678,29
น่าน,ภาคเหนือ,53,4317.2626,590,52,บุคลากร สวัสดิการ และเงินอุดหนุน,1008.1667,169,23.351989,39
น่าน,ภาคเหนือ,53,4317.2626,590,52,น้ำ ชลประทาน ประปา และระบายน้ำ,753.9034,34,17.462533,38
น่าน,ภาคเหนือ,53,4317.2626,590,52,จัดซื้อครุภัณฑ์ ยานพาหนะ และทรัพย์สิน,71.8808,45,1.664962,67
น่าน,ภาคเหนือ,53,4317.2626,590,52,ปรับปรุงและซ่อมแซมทรัพย์สินเดิม,139.5433,16,3.232217,40
น่าน,ภาคเหนือ,53,4317.2626,590,52,อาคารและสิ่งก่อสร้างอื่น,559.7320,56,12.964975,29
น่าน,ภาคเหนือ,53,4317.2626,590,52,อาหารและโภชนาการ,96.5649,79,2.236716,53
น่าน,ภาคเหนือ,53,4317.2626,590,52,กิจกรรม อบรม และบริหารจัดการ,135.1572,24,3.130623,42
น่าน,ภาคเหนือ,53,4317.2626,590,52,จ้างเหมาและบริการ,240.1394,110,5.562307,5
ตาก,ภาคตะวันตก,54,4307.2633,544,47,ถนน สะพาน และทางสัญจร,1095.9470,46,25.444161,43
ตาก,ภาคตะวันตก,54,4307.2633,544,47,บุคลากร สวัสดิการ และเงินอุดหนุน,717.0659,149,16.647831,59
ตาก,ภาคตะวันตก,54,4307.2633,544,47,น้ำ ชลประทาน ประปา และระบายน้ำ,1036.4717,37,24.063347,16
ตาก,ภาคตะวันตก,54,4307.2633,544,47,จัดซื้อครุภัณฑ์ ยานพาหนะ และทรัพย์สิน,247.3061,57,5.741606,9
ตาก,ภาคตะวันตก,54,4307.2633,544,47,ปรับปรุงและซ่อมแซมทรัพย์สินเดิม,81.4456,16,1.890890,63
ตาก,ภาคตะวันตก,54,4307.2633,544,47,อาคารและสิ่งก่อสร้างอื่น,780.3605,62,18.117316,10
ตาก,ภาคตะวันตก,54,4307.2633,544,47,อาหารและโภชนาการ,145.6039,69,3.380427,19
ตาก,ภาคตะวันตก,54,4307.2633,544,47,กิจกรรม อบรม และบริหารจัดการ,114.6705,16,2.662259,52
ตาก,ภาคตะวันตก,54,4307.2633,544,47,จ้างเหมาและบริการ,88.3921,92,2.052164,39
สุโขทัย,ภาคกลาง,55,4307.1695,525,43,ถนน สะพาน และทางสัญจร,784.6528,31,18.217365,70
สุโขทัย,ภาคกลาง,55,4307.1695,525,43,บุคลากร สวัสดิการ และเงินอุดหนุน,1423.1859,141,33.042254,12
สุโขทัย,ภาคกลาง,55,4307.1695,525,43,น้ำ ชลประทาน ประปา และระบายน้ำ,828.4408,44,19.233996,32
สุโขทัย,ภาคกลาง,55,4307.1695,525,43,จัดซื้อครุภัณฑ์ ยานพาหนะ และทรัพย์สิน,152.3621,55,3.537407,19
สุโขทัย,ภาคกลาง,55,4307.1695,525,43,ปรับปรุงและซ่อมแซมทรัพย์สินเดิม,202.9890,23,4.712817,22
สุโขทัย,ภาคกลาง,55,4307.1695,525,43,อาคารและสิ่งก่อสร้างอื่น,652.2005,62,15.142207,19
สุโขทัย,ภาคกลาง,55,4307.1695,525,43,อาหารและโภชนาการ,94.9059,66,2.203440,55
สุโขทัย,ภาคกลาง,55,4307.1695,525,43,กิจกรรม อบรม และบริหารจัดการ,63.5135,13,1.474600,69
สุโขทัย,ภาคกลาง,55,4307.1695,525,43,จ้างเหมาและบริการ,104.9190,90,2.435915,31
ชุมพร,ภาคใต้,56,4282.3700,659,55,ถนน สะพาน และทางสัญจร,1744.9345,66,40.746935,7
ชุมพร,ภาคใต้,56,4282.3700,659,55,บุคลากร สวัสดิการ และเงินอุดหนุน,623.8189,202,14.567142,64
ชุมพร,ภาคใต้,56,4282.3700,659,55,น้ำ ชลประทาน ประปา และระบายน้ำ,608.3776,24,14.206563,51
ชุมพร,ภาคใต้,56,4282.3700,659,55,จัดซื้อครุภัณฑ์ ยานพาหนะ และทรัพย์สิน,434.2154,66,10.139605,3
ชุมพร,ภาคใต้,56,4282.3700,659,55,ปรับปรุงและซ่อมแซมทรัพย์สินเดิม,75.0731,14,1.753074,67
ชุมพร,ภาคใต้,56,4282.3700,659,55,อาคารและสิ่งก่อสร้างอื่น,498.7737,54,11.647142,37
ชุมพร,ภาคใต้,56,4282.3700,659,55,อาหารและโภชนาการ,139.1891,104,3.250282,23
ชุมพร,ภาคใต้,56,4282.3700,659,55,กิจกรรม อบรม และบริหารจัดการ,128.9488,20,3.011155,45
ชุมพร,ภาคใต้,56,4282.3700,659,55,จ้างเหมาและบริการ,29.0389,109,0.678103,74
อ่างทอง,ภาคกลาง,57,4259.7052,531,39,ถนน สะพาน และทางสัญจร,2211.4855,45,51.916398,2
อ่างทอง,ภาคกลาง,57,4259.7052,531,39,บุคลากร สวัสดิการ และเงินอุดหนุน,504.3570,135,11.840186,73
อ่างทอง,ภาคกลาง,57,4259.7052,531,39,น้ำ ชลประทาน ประปา และระบายน้ำ,737.7252,59,17.318691,40
อ่างทอง,ภาคกลาง,57,4259.7052,531,39,จัดซื้อครุภัณฑ์ ยานพาหนะ และทรัพย์สิน,123.1962,54,2.892130,31
อ่างทอง,ภาคกลาง,57,4259.7052,531,39,ปรับปรุงและซ่อมแซมทรัพย์สินเดิม,36.1061,6,0.847620,75
อ่างทอง,ภาคกลาง,57,4259.7052,531,39,อาคารและสิ่งก่อสร้างอื่น,332.8676,40,7.814334,67
อ่างทอง,ภาคกลาง,57,4259.7052,531,39,อาหารและโภชนาการ,75.9565,72,1.783140,68
อ่างทอง,ภาคกลาง,57,4259.7052,531,39,กิจกรรม อบรม และบริหารจัดการ,176.5797,20,4.145350,29
อ่างทอง,ภาคกลาง,57,4259.7052,531,39,จ้างเหมาและบริการ,61.4314,100,1.442151,53
พิจิตร,ภาคกลาง,58,4119.8290,697,51,ถนน สะพาน และทางสัญจร,1601.0005,49,38.860848,12
พิจิตร,ภาคกลาง,58,4119.8290,697,51,บุคลากร สวัสดิการ และเงินอุดหนุน,987.3826,227,23.966592,36
พิจิตร,ภาคกลาง,58,4119.8290,697,51,น้ำ ชลประทาน ประปา และระบายน้ำ,667.3666,37,16.198891,43
พิจิตร,ภาคกลาง,58,4119.8290,697,51,จัดซื้อครุภัณฑ์ ยานพาหนะ และทรัพย์สิน,90.2955,67,2.191729,49
พิจิตร,ภาคกลาง,58,4119.8290,697,51,ปรับปรุงและซ่อมแซมทรัพย์สินเดิม,42.3973,3,1.029103,73
พิจิตร,ภาคกลาง,58,4119.8290,697,51,อาคารและสิ่งก่อสร้างอื่น,448.1272,60,10.877325,47
พิจิตร,ภาคกลาง,58,4119.8290,697,51,อาหารและโภชนาการ,92.9098,104,2.255186,52
พิจิตร,ภาคกลาง,58,4119.8290,697,51,กิจกรรม อบรม และบริหารจัดการ,144.5835,36,3.509454,36
พิจิตร,ภาคกลาง,58,4119.8290,697,51,จ้างเหมาและบริการ,45.7660,114,1.110871,65
บึงกาฬ,ภาคตะวันออกเฉียงเหนือ,59,4103.2552,508,41,ถนน สะพาน และทางสัญจร,1519.5139,50,37.031913,16
บึงกาฬ,ภาคตะวันออกเฉียงเหนือ,59,4103.2552,508,41,บุคลากร สวัสดิการ และเงินอุดหนุน,434.2544,156,10.583168,74
บึงกาฬ,ภาคตะวันออกเฉียงเหนือ,59,4103.2552,508,41,น้ำ ชลประทาน ประปา และระบายน้ำ,930.5654,43,22.678711,21
บึงกาฬ,ภาคตะวันออกเฉียงเหนือ,59,4103.2552,508,41,จัดซื้อครุภัณฑ์ ยานพาหนะ และทรัพย์สิน,384.7479,38,9.376651,4
บึงกาฬ,ภาคตะวันออกเฉียงเหนือ,59,4103.2552,508,41,ปรับปรุงและซ่อมแซมทรัพย์สินเดิม,123.2615,10,3.003993,46
บึงกาฬ,ภาคตะวันออกเฉียงเหนือ,59,4103.2552,508,41,อาคารและสิ่งก่อสร้างอื่น,471.1833,44,11.483159,39
บึงกาฬ,ภาคตะวันออกเฉียงเหนือ,59,4103.2552,508,41,อาหารและโภชนาการ,111.1792,72,2.709537,41
บึงกาฬ,ภาคตะวันออกเฉียงเหนือ,59,4103.2552,508,41,กิจกรรม อบรม และบริหารจัดการ,105.9810,19,2.582852,55
บึงกาฬ,ภาคตะวันออกเฉียงเหนือ,59,4103.2552,508,41,จ้างเหมาและบริการ,22.5686,76,0.550017,76
ปราจีนบุรี,ภาคตะวันออก,60,4012.2489,347,31,ถนน สะพาน และทางสัญจร,2163.3930,51,53.919711,1
ปราจีนบุรี,ภาคตะวันออก,60,4012.2489,347,31,บุคลากร สวัสดิการ และเงินอุดหนุน,749.0087,95,18.668052,52
ปราจีนบุรี,ภาคตะวันออก,60,4012.2489,347,31,น้ำ ชลประทาน ประปา และระบายน้ำ,580.0627,26,14.457296,49
ปราจีนบุรี,ภาคตะวันออก,60,4012.2489,347,31,จัดซื้อครุภัณฑ์ ยานพาหนะ และทรัพย์สิน,49.4818,33,1.233268,73
ปราจีนบุรี,ภาคตะวันออก,60,4012.2489,347,31,ปรับปรุงและซ่อมแซมทรัพย์สินเดิม,120.9587,17,3.014736,45
ปราจีนบุรี,ภาคตะวันออก,60,4012.2489,347,31,อาคารและสิ่งก่อสร้างอื่น,217.6241,33,5.423993,77
ปราจีนบุรี,ภาคตะวันออก,60,4012.2489,347,31,อาหารและโภชนาการ,61.3165,40,1.528233,74
ปราจีนบุรี,ภาคตะวันออก,60,4012.2489,347,31,กิจกรรม อบรม และบริหารจัดการ,32.6592,10,0.813987,76
ปราจีนบุรี,ภาคตะวันออก,60,4012.2489,347,31,จ้างเหมาและบริการ,37.7442,42,0.940724,68
ยโสธร,ภาคตะวันออกเฉียงเหนือ,61,3817.0865,721,43,ถนน สะพาน และทางสัญจร,1117.8437,52,29.285260,32
ยโสธร,ภาคตะวันออกเฉียงเหนือ,61,3817.0865,721,43,บุคลากร สวัสดิการ และเงินอุดหนุน,926.6379,231,24.276052,34
ยโสธร,ภาคตะวันออกเฉียงเหนือ,61,3817.0865,721,43,น้ำ ชลประทาน ประปา และระบายน้ำ,517.1033,29,13.547068,53
ยโสธร,ภาคตะวันออกเฉียงเหนือ,61,3817.0865,721,43,จัดซื้อครุภัณฑ์ ยานพาหนะ และทรัพย์สิน,133.7334,62,3.503546,20
ยโสธร,ภาคตะวันออกเฉียงเหนือ,61,3817.0865,721,43,ปรับปรุงและซ่อมแซมทรัพย์สินเดิม,61.6347,16,1.614705,68
ยโสธร,ภาคตะวันออกเฉียงเหนือ,61,3817.0865,721,43,อาคารและสิ่งก่อสร้างอื่น,775.1622,46,20.307693,6
ยโสธร,ภาคตะวันออกเฉียงเหนือ,61,3817.0865,721,43,อาหารและโภชนาการ,121.0876,99,3.172252,26
ยโสธร,ภาคตะวันออกเฉียงเหนือ,61,3817.0865,721,43,กิจกรรม อบรม และบริหารจัดการ,109.4954,72,2.868560,48
ยโสธร,ภาคตะวันออกเฉียงเหนือ,61,3817.0865,721,43,จ้างเหมาและบริการ,54.3883,114,1.424864,54
ลำพูน,ภาคเหนือ,62,3765.5178,900,59,ถนน สะพาน และทางสัญจร,915.9776,60,24.325409,47
ลำพูน,ภาคเหนือ,62,3765.5178,900,59,บุคลากร สวัสดิการ และเงินอุดหนุน,1253.1691,312,33.280127,11
ลำพูน,ภาคเหนือ,62,3765.5178,900,59,น้ำ ชลประทาน ประปา และระบายน้ำ,503.0795,20,13.360168,54
ลำพูน,ภาคเหนือ,62,3765.5178,900,59,จัดซื้อครุภัณฑ์ ยานพาหนะ และทรัพย์สิน,71.1623,71,1.889841,57
ลำพูน,ภาคเหนือ,62,3765.5178,900,59,ปรับปรุงและซ่อมแซมทรัพย์สินเดิม,34.9671,15,0.928613,74
ลำพูน,ภาคเหนือ,62,3765.5178,900,59,อาคารและสิ่งก่อสร้างอื่น,553.7138,65,14.704851,21
ลำพูน,ภาคเหนือ,62,3765.5178,900,59,อาหารและโภชนาการ,127.1666,148,3.377134,20
ลำพูน,ภาคเหนือ,62,3765.5178,900,59,กิจกรรม อบรม และบริหารจัดการ,256.5185,55,6.812303,8
ลำพูน,ภาคเหนือ,62,3765.5178,900,59,จ้างเหมาและบริการ,49.7633,154,1.321553,58
ภูเก็ต,ภาคใต้,63,3659.7951,384,40,ถนน สะพาน และทางสัญจร,386.9457,12,10.572879,76
ภูเก็ต,ภาคใต้,63,3659.7951,384,40,บุคลากร สวัสดิการ และเงินอุดหนุน,1451.0492,123,39.648373,6
ภูเก็ต,ภาคใต้,63,3659.7951,384,40,น้ำ ชลประทาน ประปา และระบายน้ำ,282.9667,14,7.731763,74
ภูเก็ต,ภาคใต้,63,3659.7951,384,40,จัดซื้อครุภัณฑ์ ยานพาหนะ และทรัพย์สิน,195.6638,36,5.346305,11
ภูเก็ต,ภาคใต้,63,3659.7951,384,40,ปรับปรุงและซ่อมแซมทรัพย์สินเดิม,222.3584,22,6.075706,13
ภูเก็ต,ภาคใต้,63,3659.7951,384,40,อาคารและสิ่งก่อสร้างอื่น,664.8312,37,18.165804,9
ภูเก็ต,ภาคใต้,63,3659.7951,384,40,อาหารและโภชนาการ,211.7784,50,5.786619,2
ภูเก็ต,ภาคใต้,63,3659.7951,384,40,กิจกรรม อบรม และบริหารจัดการ,97.3230,20,2.659247,53
ภูเก็ต,ภาคใต้,63,3659.7951,384,40,จ้างเหมาและบริการ,146.8787,70,4.013304,10
สมุทรสาคร,ภาคกลาง,64,3572.0295,401,33,ถนน สะพาน และทางสัญจร,663.2286,33,18.567277,69
สมุทรสาคร,ภาคกลาง,64,3572.0295,401,33,บุคลากร สวัสดิการ และเงินอุดหนุน,1259.5199,123,35.260624,7
สมุทรสาคร,ภาคกลาง,64,3572.0295,401,33,น้ำ ชลประทาน ประปา และระบายน้ำ,958.3487,36,26.829249,10
สมุทรสาคร,ภาคกลาง,64,3572.0295,401,33,จัดซื้อครุภัณฑ์ ยานพาหนะ และทรัพย์สิน,28.7515,24,0.804907,76
สมุทรสาคร,ภาคกลาง,64,3572.0295,401,33,ปรับปรุงและซ่อมแซมทรัพย์สินเดิม,44.9762,19,1.259122,72
สมุทรสาคร,ภาคกลาง,64,3572.0295,401,33,อาคารและสิ่งก่อสร้างอื่น,292.3409,34,8.184168,63
สมุทรสาคร,ภาคกลาง,64,3572.0295,401,33,อาหารและโภชนาการ,215.1755,54,6.023900,1
สมุทรสาคร,ภาคกลาง,64,3572.0295,401,33,กิจกรรม อบรม และบริหารจัดการ,26.1905,13,0.733211,77
สมุทรสาคร,ภาคกลาง,64,3572.0295,401,33,จ้างเหมาและบริการ,83.4977,65,2.337542,32
แพร่,ภาคเหนือ,65,3482.1101,695,64,ถนน สะพาน และทางสัญจร,777.8022,43,22.337094,60
แพร่,ภาคเหนือ,65,3482.1101,695,64,บุคลากร สวัสดิการ และเงินอุดหนุน,1135.8812,230,32.620485,13
แพร่,ภาคเหนือ,65,3482.1101,695,64,น้ำ ชลประทาน ประปา และระบายน้ำ,464.2922,25,13.333645,55
แพร่,ภาคเหนือ,65,3482.1101,695,64,จัดซื้อครุภัณฑ์ ยานพาหนะ และทรัพย์สิน,98.1686,69,2.819227,33
แพร่,ภาคเหนือ,65,3482.1101,695,64,ปรับปรุงและซ่อมแซมทรัพย์สินเดิม,180.8617,16,5.194026,19
แพร่,ภาคเหนือ,65,3482.1101,695,64,อาคารและสิ่งก่อสร้างอื่น,478.6580,57,13.746205,25
แพร่,ภาคเหนือ,65,3482.1101,695,64,อาหารและโภชนาการ,82.6111,107,2.372444,48
แพร่,ภาคเหนือ,65,3482.1101,695,64,กิจกรรม อบรม และบริหารจัดการ,238.6154,40,6.852609,7
แพร่,ภาคเหนือ,65,3482.1101,695,64,จ้างเหมาและบริการ,25.2197,108,0.724265,72
ตราด,ภาคตะวันออก,66,3293.0060,335,36,ถนน สะพาน และทางสัญจร,812.1567,20,24.663080,45
ตราด,ภาคตะวันออก,66,3293.0060,335,36,บุคลากร สวัสดิการ และเงินอุดหนุน,219.1798,110,6.655919,77
ตราด,ภาคตะวันออก,66,3293.0060,335,36,น้ำ ชลประทาน ประปา และระบายน้ำ,979.7819,19,29.753420,6
ตราด,ภาคตะวันออก,66,3293.0060,335,36,จัดซื้อครุภัณฑ์ ยานพาหนะ และทรัพย์สิน,42.3682,28,1.286612,72
ตราด,ภาคตะวันออก,66,3293.0060,335,36,ปรับปรุงและซ่อมแซมทรัพย์สินเดิม,191.0104,9,5.800487,15
ตราด,ภาคตะวันออก,66,3293.0060,335,36,อาคารและสิ่งก่อสร้างอื่น,719.9058,30,21.861661,3
ตราด,ภาคตะวันออก,66,3293.0060,335,36,อาหารและโภชนาการ,55.6915,50,1.691206,70
ตราด,ภาคตะวันออก,66,3293.0060,335,36,กิจกรรม อบรม และบริหารจัดการ,259.2493,11,7.872725,4
ตราด,ภาคตะวันออก,66,3293.0060,335,36,จ้างเหมาและบริการ,13.6624,58,0.414891,77
อำนาจเจริญ,ภาคตะวันออกเฉียงเหนือ,67,3234.5779,650,43,ถนน สะพาน และทางสัญจร,839.3675,51,25.949831,41
อำนาจเจริญ,ภาคตะวันออกเฉียงเหนือ,67,3234.5779,650,43,บุคลากร สวัสดิการ และเงินอุดหนุน,745.7766,216,23.056381,42
อำนาจเจริญ,ภาคตะวันออกเฉียงเหนือ,67,3234.5779,650,43,น้ำ ชลประทาน ประปา และระบายน้ำ,791.8572,34,24.481006,14
อำนาจเจริญ,ภาคตะวันออกเฉียงเหนือ,67,3234.5779,650,43,จัดซื้อครุภัณฑ์ ยานพาหนะ และทรัพย์สิน,144.3566,64,4.462919,13
อำนาจเจริญ,ภาคตะวันออกเฉียงเหนือ,67,3234.5779,650,43,ปรับปรุงและซ่อมแซมทรัพย์สินเดิม,71.4190,8,2.207985,55
อำนาจเจริญ,ภาคตะวันออกเฉียงเหนือ,67,3234.5779,650,43,อาคารและสิ่งก่อสร้างอื่น,444.0575,55,13.728453,26
อำนาจเจริญ,ภาคตะวันออกเฉียงเหนือ,67,3234.5779,650,43,อาหารและโภชนาการ,108.8747,96,3.365963,21
อำนาจเจริญ,ภาคตะวันออกเฉียงเหนือ,67,3234.5779,650,43,กิจกรรม อบรม และบริหารจัดการ,46.3832,21,1.433980,70
อำนาจเจริญ,ภาคตะวันออกเฉียงเหนือ,67,3234.5779,650,43,จ้างเหมาและบริการ,42.4856,105,1.313482,59
มุกดาหาร,ภาคตะวันออกเฉียงเหนือ,68,3126.4153,606,35,ถนน สะพาน และทางสัญจร,766.1054,49,24.504275,46
มุกดาหาร,ภาคตะวันออกเฉียงเหนือ,68,3126.4153,606,35,บุคลากร สวัสดิการ และเงินอุดหนุน,764.2324,190,24.444366,33
มุกดาหาร,ภาคตะวันออกเฉียงเหนือ,68,3126.4153,606,35,น้ำ ชลประทาน ประปา และระบายน้ำ,854.5508,33,27.333246,9
มุกดาหาร,ภาคตะวันออกเฉียงเหนือ,68,3126.4153,606,35,จัดซื้อครุภัณฑ์ ยานพาหนะ และทรัพย์สิน,81.8314,58,2.617419,37
มุกดาหาร,ภาคตะวันออกเฉียงเหนือ,68,3126.4153,606,35,ปรับปรุงและซ่อมแซมทรัพย์สินเดิม,80.5835,8,2.577505,51
มุกดาหาร,ภาคตะวันออกเฉียงเหนือ,68,3126.4153,606,35,อาคารและสิ่งก่อสร้างอื่น,372.9423,42,11.928751,35
มุกดาหาร,ภาคตะวันออกเฉียงเหนือ,68,3126.4153,606,35,อาหารและโภชนาการ,121.5031,92,3.886339,10
มุกดาหาร,ภาคตะวันออกเฉียงเหนือ,68,3126.4153,606,35,กิจกรรม อบรม และบริหารจัดการ,55.9383,40,1.789215,66
มุกดาหาร,ภาคตะวันออกเฉียงเหนือ,68,3126.4153,606,35,จ้างเหมาและบริการ,28.7281,94,0.918883,70
สระแก้ว,ภาคตะวันออก,69,3106.3415,373,34,ถนน สะพาน และทางสัญจร,1263.3048,40,40.668574,8
สระแก้ว,ภาคตะวันออก,69,3106.3415,373,34,บุคลากร สวัสดิการ และเงินอุดหนุน,574.4824,116,18.493858,53
สระแก้ว,ภาคตะวันออก,69,3106.3415,373,34,น้ำ ชลประทาน ประปา และระบายน้ำ,549.6789,19,17.695379,36
สระแก้ว,ภาคตะวันออก,69,3106.3415,373,34,จัดซื้อครุภัณฑ์ ยานพาหนะ และทรัพย์สิน,35.5454,28,1.144285,74
สระแก้ว,ภาคตะวันออก,69,3106.3415,373,34,ปรับปรุงและซ่อมแซมทรัพย์สินเดิม,64.1288,16,2.064448,57
สระแก้ว,ภาคตะวันออก,69,3106.3415,373,34,อาคารและสิ่งก่อสร้างอื่น,317.6461,30,10.225730,54
สระแก้ว,ภาคตะวันออก,69,3106.3415,373,34,อาหารและโภชนาการ,95.1620,50,3.063475,31
สระแก้ว,ภาคตะวันออก,69,3106.3415,373,34,กิจกรรม อบรม และบริหารจัดการ,101.2669,8,3.260005,39
สระแก้ว,ภาคตะวันออก,69,3106.3415,373,34,จ้างเหมาและบริการ,105.1262,66,3.384245,16
ระนอง,ภาคใต้,70,2476.0473,293,30,ถนน สะพาน และทางสัญจร,1073.4459,24,43.353207,6
ระนอง,ภาคใต้,70,2476.0473,293,30,บุคลากร สวัสดิการ และเงินอุดหนุน,318.8132,91,12.875893,68
ระนอง,ภาคใต้,70,2476.0473,293,30,น้ำ ชลประทาน ประปา และระบายน้ำ,551.1257,20,22.258286,23
ระนอง,ภาคใต้,70,2476.0473,293,30,จัดซื้อครุภัณฑ์ ยานพาหนะ และทรัพย์สิน,23.0821,22,0.932216,75
ระนอง,ภาคใต้,70,2476.0473,293,30,ปรับปรุงและซ่อมแซมทรัพย์สินเดิม,91.5646,11,3.698015,34
ระนอง,ภาคใต้,70,2476.0473,293,30,อาคารและสิ่งก่อสร้างอื่น,262.8841,26,10.617087,51
ระนอง,ภาคใต้,70,2476.0473,293,30,อาหารและโภชนาการ,77.0911,40,3.113474,29
ระนอง,ภาคใต้,70,2476.0473,293,30,กิจกรรม อบรม และบริหารจัดการ,59.5886,14,2.406602,61
ระนอง,ภาคใต้,70,2476.0473,293,30,จ้างเหมาและบริการ,18.4520,45,0.745220,71
สตูล,ภาคใต้,71,2470.5543,293,28,ถนน สะพาน และทางสัญจร,589.0005,32,23.840824,52
สตูล,ภาคใต้,71,2470.5543,293,28,บุคลากร สวัสดิการ และเงินอุดหนุน,317.5003,75,12.851379,69
สตูล,ภาคใต้,71,2470.5543,293,28,น้ำ ชลประทาน ประปา และระบายน้ำ,1052.3659,34,42.596348,2
สตูล,ภาคใต้,71,2470.5543,293,28,จัดซื้อครุภัณฑ์ ยานพาหนะ และทรัพย์สิน,53.1337,30,2.150679,50
สตูล,ภาคใต้,71,2470.5543,293,28,ปรับปรุงและซ่อมแซมทรัพย์สินเดิม,39.6844,8,1.606295,69
สตูล,ภาคใต้,71,2470.5543,293,28,อาคารและสิ่งก่อสร้างอื่น,237.9937,29,9.633211,57
สตูล,ภาคใต้,71,2470.5543,293,28,อาหารและโภชนาการ,51.2111,30,2.072859,60
สตูล,ภาคใต้,71,2470.5543,293,28,กิจกรรม อบรม และบริหารจัดการ,76.7253,12,3.105591,44
สตูล,ภาคใต้,71,2470.5543,293,28,จ้างเหมาและบริการ,52.9394,43,2.142815,36
พังงา,ภาคใต้,72,2239.1172,390,41,ถนน สะพาน และทางสัญจร,539.4203,31,24.090758,51
พังงา,ภาคใต้,72,2239.1172,390,41,บุคลากร สวัสดิการ และเงินอุดหนุน,424.4869,123,18.957779,51
พังงา,ภาคใต้,72,2239.1172,390,41,น้ำ ชลประทาน ประปา และระบายน้ำ,379.8825,17,16.965726,41
พังงา,ภาคใต้,72,2239.1172,390,41,จัดซื้อครุภัณฑ์ ยานพาหนะ และทรัพย์สิน,50.2057,39,2.242210,44
พังงา,ภาคใต้,72,2239.1172,390,41,ปรับปรุงและซ่อมแซมทรัพย์สินเดิม,104.3797,4,4.661645,24
พังงา,ภาคใต้,72,2239.1172,390,41,อาคารและสิ่งก่อสร้างอื่น,448.3804,51,20.024874,7
พังงา,ภาคใต้,72,2239.1172,390,41,อาหารและโภชนาการ,78.6741,49,3.513621,16
พังงา,ภาคใต้,72,2239.1172,390,41,กิจกรรม อบรม และบริหารจัดการ,158.9756,16,7.099923,5
พังงา,ภาคใต้,72,2239.1172,390,41,จ้างเหมาและบริการ,54.7120,60,2.443463,30
หนองบัวลำภู,ภาคตะวันออกเฉียงเหนือ,73,2068.3870,401,34,ถนน สะพาน และทางสัญจร,396.4936,27,19.169217,67
หนองบัวลำภู,ภาคตะวันออกเฉียงเหนือ,73,2068.3870,401,34,บุคลากร สวัสดิการ และเงินอุดหนุน,656.7454,121,31.751573,15
หนองบัวลำภู,ภาคตะวันออกเฉียงเหนือ,73,2068.3870,401,34,น้ำ ชลประทาน ประปา และระบายน้ำ,451.9469,17,21.850210,26
หนองบัวลำภู,ภาคตะวันออกเฉียงเหนือ,73,2068.3870,401,34,จัดซื้อครุภัณฑ์ ยานพาหนะ และทรัพย์สิน,33.4036,33,1.614959,69
หนองบัวลำภู,ภาคตะวันออกเฉียงเหนือ,73,2068.3870,401,34,ปรับปรุงและซ่อมแซมทรัพย์สินเดิม,31.4764,3,1.521785,70
หนองบัวลำภู,ภาคตะวันออกเฉียงเหนือ,73,2068.3870,401,34,อาคารและสิ่งก่อสร้างอื่น,290.7810,38,14.058346,24
หนองบัวลำภู,ภาคตะวันออกเฉียงเหนือ,73,2068.3870,401,34,อาหารและโภชนาการ,89.9587,58,4.349220,5
หนองบัวลำภู,ภาคตะวันออกเฉียงเหนือ,73,2068.3870,401,34,กิจกรรม อบรม และบริหารจัดการ,52.2406,19,2.525669,57
หนองบัวลำภู,ภาคตะวันออกเฉียงเหนือ,73,2068.3870,401,34,จ้างเหมาและบริการ,65.3408,85,3.159022,19
นครนายก,ภาคกลาง,74,1943.3268,291,28,ถนน สะพาน และทางสัญจร,452.3651,22,23.277871,56
นครนายก,ภาคกลาง,74,1943.3268,291,28,บุคลากร สวัสดิการ และเงินอุดหนุน,165.9866,45,8.541363,75
นครนายก,ภาคกลาง,74,1943.3268,291,28,น้ำ ชลประทาน ประปา และระบายน้ำ,244.4137,15,12.577077,60
นครนายก,ภาคกลาง,74,1943.3268,291,28,จัดซื้อครุภัณฑ์ ยานพาหนะ และทรัพย์สิน,211.2777,38,10.871959,2
นครนายก,ภาคกลาง,74,1943.3268,291,28,ปรับปรุงและซ่อมแซมทรัพย์สินเดิม,314.9897,14,16.208787,2
นครนายก,ภาคกลาง,74,1943.3268,291,28,อาคารและสิ่งก่อสร้างอื่น,249.6962,35,12.848904,31
นครนายก,ภาคกลาง,74,1943.3268,291,28,อาหารและโภชนาการ,30.9682,20,1.593566,72
นครนายก,ภาคกลาง,74,1943.3268,291,28,กิจกรรม อบรม และบริหารจัดการ,135.2416,44,6.959282,6
นครนายก,ภาคกลาง,74,1943.3268,291,28,จ้างเหมาและบริการ,138.3880,58,7.121190,3
สิงห์บุรี,ภาคกลาง,75,1863.2447,277,24,ถนน สะพาน และทางสัญจร,650.6272,31,34.919042,20
สิงห์บุรี,ภาคกลาง,75,1863.2447,277,24,บุคลากร สวัสดิการ และเงินอุดหนุน,313.6635,81,16.834262,58
สิงห์บุรี,ภาคกลาง,75,1863.2447,277,24,น้ำ ชลประทาน ประปา และระบายน้ำ,410.9156,23,22.053765,24
สิงห์บุรี,ภาคกลาง,75,1863.2447,277,24,จัดซื้อครุภัณฑ์ ยานพาหนะ และทรัพย์สิน,41.6981,27,2.237929,46
สิงห์บุรี,ภาคกลาง,75,1863.2447,277,24,ปรับปรุงและซ่อมแซมทรัพย์สินเดิม,62.0636,8,3.330942,37
สิงห์บุรี,ภาคกลาง,75,1863.2447,277,24,อาคารและสิ่งก่อสร้างอื่น,224.8984,29,12.070256,34
สิงห์บุรี,ภาคกลาง,75,1863.2447,277,24,อาหารและโภชนาการ,30.5581,32,1.640048,71
สิงห์บุรี,ภาคกลาง,75,1863.2447,277,24,กิจกรรม อบรม และบริหารจัดการ,117.5989,12,6.311511,11
สิงห์บุรี,ภาคกลาง,75,1863.2447,277,24,จ้างเหมาและบริการ,11.2213,34,0.602245,75
แม่ฮ่องสอน,ภาคเหนือ,76,1772.7883,326,34,ถนน สะพาน และทางสัญจร,546.8583,27,30.847355,28
แม่ฮ่องสอน,ภาคเหนือ,76,1772.7883,326,34,บุคลากร สวัสดิการ และเงินอุดหนุน,218.1753,104,12.306901,71
แม่ฮ่องสอน,ภาคเหนือ,76,1772.7883,326,34,น้ำ ชลประทาน ประปา และระบายน้ำ,240.1830,14,13.548318,52
แม่ฮ่องสอน,ภาคเหนือ,76,1772.7883,326,34,จัดซื้อครุภัณฑ์ ยานพาหนะ และทรัพย์สิน,52.6848,34,2.971861,29
แม่ฮ่องสอน,ภาคเหนือ,76,1772.7883,326,34,ปรับปรุงและซ่อมแซมทรัพย์สินเดิม,158.0510,17,8.915391,7
แม่ฮ่องสอน,ภาคเหนือ,76,1772.7883,326,34,อาคารและสิ่งก่อสร้างอื่น,434.4688,29,24.507653,2
แม่ฮ่องสอน,ภาคเหนือ,76,1772.7883,326,34,อาหารและโภชนาการ,52.1970,28,2.944345,34
แม่ฮ่องสอน,ภาคเหนือ,76,1772.7883,326,34,กิจกรรม อบรม และบริหารจัดการ,46.1624,29,2.603943,54
แม่ฮ่องสอน,ภาคเหนือ,76,1772.7883,326,34,จ้างเหมาและบริการ,24.0077,44,1.354234,57
สมุทรสงคราม,ภาคกลาง,77,1331.6055,242,32,ถนน สะพาน และทางสัญจร,220.8870,16,16.588021,73
สมุทรสงคราม,ภาคกลาง,77,1331.6055,242,32,บุคลากร สวัสดิการ และเงินอุดหนุน,302.8531,67,22.743455,43
สมุทรสงคราม,ภาคกลาง,77,1331.6055,242,32,น้ำ ชลประทาน ประปา และระบายน้ำ,208.6832,15,15.671548,47
สมุทรสงคราม,ภาคกลาง,77,1331.6055,242,32,จัดซื้อครุภัณฑ์ ยานพาหนะ และทรัพย์สิน,30.6837,19,2.304264,43
สมุทรสงคราม,ภาคกลาง,77,1331.6055,242,32,ปรับปรุงและซ่อมแซมทรัพย์สินเดิม,92.7029,4,6.961739,11
สมุทรสงคราม,ภาคกลาง,77,1331.6055,242,32,อาคารและสิ่งก่อสร้างอื่น,339.9436,25,25.528852,1
สมุทรสงคราม,ภาคกลาง,77,1331.6055,242,32,อาหารและโภชนาการ,40.8359,28,3.066667,30
สมุทรสงคราม,ภาคกลาง,77,1331.6055,242,32,กิจกรรม อบรม และบริหารจัดการ,32.6916,25,2.455051,60
สมุทรสงคราม,ภาคกลาง,77,1331.6055,242,32,จ้างเหมาและบริการ,62.3245,43,4.680403,6
