province,region,rank_total,total_budget_million,items,agencies,ถนน สะพาน และทางสัญจร__budget_million,ถนน สะพาน และทางสัญจร__items,ถนน สะพาน และทางสัญจร__percent,บุคลากร สวัสดิการ และเงินอุดหนุน__budget_million,บุคลากร สวัสดิการ และเงินอุดหนุน__items,บุคลากร สวัสดิการ และเงินอุดหนุน__percent,น้ำ ชลประทาน ประปา และระบายน้ำ__budget_million,น้ำ ชลประทาน ประปา และระบายน้ำ__items,น้ำ ชลประทาน ประปา และระบายน้ำ__percent,จัดซื้อครุภัณฑ์ ยานพาหนะ และทรัพย์สิน__budget_million,จัดซื้อครุภัณฑ์ ยานพาหนะ และทรัพย์สิน__items,จัดซื้อครุภัณฑ์ ยานพาหนะ และทรัพย์สิน__percent,ปรับปรุงและซ่อมแซมทรัพย์สินเดิม__budget_million,ปรับปรุงและซ่อมแซมทรัพย์สินเดิม__items,ปรับปรุงและซ่อมแซมทรัพย์สินเดิม__percent,อาคารและสิ่งก่อสร้างอื่น__budget_million,อาคารและสิ่งก่อสร้างอื่น__items,อาคารและสิ่งก่อสร้างอื่น__percent,อาหารและโภชนาการ__budget_million,อาหารและโภชนาการ__items,อาหารและโภชนาการ__percent,กิจกรรม อบรม และบริหารจัดการ__budget_million,กิจกรรม อบรม และบริหารจัดการ__items,กิจกรรม อบรม และบริหารจัดการ__percent,จ้างเหมาและบริการ__budget_million,จ้างเหมาและบริการ__items,จ้างเหมาและบริการ__percent
กรุงเทพมหานคร,ภาคกลาง,1,50260.1540,523,109,9508.9411,161,18.919443,22758.6547,12,45.281705,561.6413,12,1.117468,2228.5493,34,4.434028,4627.0634,116,9.206226,5841.0408,148,11.621613,1720.3628,2,3.422916,1676.3186,23,3.335283,1337.5820,15,2.661317
เชียงใหม่,ภาคเหนือ,2,21169.0524,2977,187,4205.9039,199,19.868173,9289.2521,946,43.881284,1500.6589,67,7.088928,1226.4561,401,5.793628,517.0074,60,2.442279,2408.8380,213,11.379054,644.5640,440,3.044841,805.5380,117,3.805262,570.8340,534,2.696550
สงขลา,ภาคใต้,3,17784.0206,1469,98,4225.3709,172,23.759368,7842.9363,411,44.101030,1961.3325,94,11.028623,523.7056,161,2.944810,569.4509,42,3.202037,1184.7085,114,6.661646,378.4273,174,2.127906,736.9583,61,4.143935,361.1303,240,2.030645
นครราชสีมา,ภาคตะวันออกเฉียงเหนือ,4,17441.3421,2157,137,6138.1271,222,35.192975,4740.4361,603,27.179308,1462.1707,72,8.383361,339.1574,198,1.944560,640.0191,44,3.669552,2272.5801,192,13.029846,502.5205,315,2.881203,730.8438,101,4.190296,615.4873,410,3.528899
ขอนแก่น,ภาคตะวันออกเฉียงเหนือ,5,17409.6184,1752,122,4207.3248,164,24.166669,7655.4800,481,43.972704,1013.6087,56,5.822119,567.0830,204,3.257297,706.8880,41,4.060330,1598.9938,139,9.184542,359.9377,244,2.067465,727.6990,102,4.179868,572.6034,321,3.289006
ปทุมธานี,ภาคกลาง,6,13516.7214,1027,65,2234.1277,58,16.528621,2308.8106,212,17.081144,1099.6320,34,8.135346,863.2442,143,6.386491,1300.0567,64,9.618136,1011.2886,83,7.481760,363.2804,109,2.687637,3751.6373,143,27.755527,584.6439,181,4.325338
ชลบุรี,ภาคตะวันออก,7,13436.7563,1190,100,3918.9623,117,29.165985,3139.7632,316,23.366973,1777.1380,47,13.225945,596.2512,115,4.437464,685.3760,66,5.100755,1504.2821,92,11.195277,598.9582,164,4.457610,707.7256,54,5.267087,508.2997,219,3.782905
อุบลราชธานี,ภาคตะวันออกเฉียงเหนือ,8,13171.2274,1439,104,3071.8394,118,23.322347,3529.5354,409,26.797316,2992.1622,94,22.717414,294.7771,133,2.238038,463.5543,39,3.519446,1488.7269,129,11.302871,382.2318,198,2.902021,537.9074,60,4.083958,410.4929,259,3.116588
เชียงราย,ภาคเหนือ,9,12373.0271,1682,106,4262.8130,127,34.452466,3232.4543,546,26.125008,1465.1624,63,11.841584,161.5872,143,1.305963,697.5234,57,5.637451,1145.6049,103,9.258889,375.2206,250,3.032569,726.1974,81,5.869198,306.4639,312,2.476871
นครศรีธรรมราช,ภาคใต้,10,11393.0277,1308,90,3270.5052,102,28.706199,2526.9303,367,22.179620,2473.2067,73,21.708072,362.6521,145,3.183106,470.0051,29,4.125375,1351.3883,125,11.861538,334.5701,182,2.936621,285.3373,37,2.504491,318.4326,248,2.794978
บุรีรัมย์,ภาคตะวันออกเฉียงเหนือ,11,10443.2212,1466,89,3466.4876,160,33.193663,1824.8122,441,17.473653,2138.0777,62,20.473355,180.1654,123,1.725190,439.1817,44,4.205424,1605.5256,97,15.373854,337.8584,228,3.235193,85.5063,41,0.818773,365.6063,270,3.500896
พระนครศรีอยุธยา,ภาคกลาง,12,9728.6212,868,62,3919.8703,90,40.292146,1234.7909,224,12.692353,2887.3899,68,29.679333,191.8170,94,1.971677,268.3207,9,2.758055,688.3158,75,7.075163,188.3852,120,1.936402,163.7066,24,1.682732,186.0248,164,1.912139
นนทบุรี,ภาคกลาง,13,9299.8379,530,72,577.0031,24,6.204443,2432.2690,119,26.153886,1878.1686,41,20.195713,192.0785,39,2.065396,747.6764,50,8.039671,2011.6587,65,21.631116,308.2703,58,3.314792,900.1407,60,9.679101,252.5726,74,2.715882
สกลนคร,ภาคตะวันออกเฉียงเหนือ,14,8548.9829,1490,87,1943.7415,107,22.736523,2569.5144,475,30.056375,1635.2441,49,19.127937,266.6781,142,3.119413,222.9378,19,2.607770,1146.0115,123,13.405238,354.7212,244,4.149280,271.0608,57,3.170679,139.0735,274,1.626784
ร้อยเอ็ด,ภาคตะวันออกเฉียงเหนือ,15,8523.1859,1519,94,2263.8150,119,26.560667,2480.0478,472,29.097662,767.1935,36,9.001253,229.7735,142,2.695864,494.4741,30,5.801517,1565.5370,136,18.367979,309.5599,240,3.631974,240.0447,54,2.816373,172.7404,290,2.026712
อุดรธานี,ภาคตะวันออกเฉียงเหนือ,16,8361.9866,1373,97,1926.8905,113,23.043454,2913.9296,427,34.847336,914.7073,42,10.938875,239.0939,134,2.859295,175.9808,26,2.104533,1197.6007,113,14.321964,332.4618,219,3.975871,456.2518,51,5.456261,205.0702,248,2.452410
สมุทรปราการ,ภาคกลาง,17,8338.5375,546,57,2468.3982,41,29.602292,1811.8462,167,21.728585,1784.6390,10,21.402302,219.6427,36,2.634067,781.3293,33,9.370100,730.1519,66,8.756354,293.5290,76,3.520150,135.0608,30,1.619718,113.9404,87,1.366431
สุรินทร์,ภาคตะวันออกเฉียงเหนือ,18,8299.5514,965,60,3723.8597,136,44.868205,1123.2922,263,13.534372,1817.8674,66,21.903201,138.6744,79,1.670866,524.0104,39,6.313720,575.8249,110,6.938024,199.2818,114,2.401115,99.8203,26,1.202719,96.9203,132,1.167778
นครปฐม,ภาคกลาง,19,8060.8343,859,64,1422.0397,61,17.641346,1607.5183,172,19.942332,1176.9682,41,14.601072,604.0088,119,7.493130,631.6548,29,7.836097,1312.7889,98,16.286018,209.0739,88,2.593701,293.2014,59,3.637358,803.5803,192,9.968947
ระยอง,ภาคตะวันออก,20,7563.6175,674,61,2846.3240,54,37.631781,1219.0728,202,16.117589,1428.1164,23,18.881394,161.4201,59,2.134165,430.1516,25,5.687115,494.7788,68,6.541563,256.1943,92,3.387193,505.0348,39,6.677159,222.5247,112,2.942041
ลำปาง,ภาคเหนือ,21,7490.4735,1075,77,2374.3343,88,31.698054,2162.8312,350,28.874426,974.3480,47,13.007829,146.1065,115,1.950564,146.7250,15,1.958821,1198.9730,67,16.006638,167.1581,160,2.231609,244.8043,52,3.268209,75.1931,181,1.003850
ศรีสะเกษ,ภาคตะวันออกเฉียงเหนือ,22,7429.1541,916,58,2371.6269,99,31.923243,2305.7462,255,31.036457,936.0560,30,12.599766,163.1373,84,2.195907,226.5798,21,3.049873,835.0858,70,11.240658,206.6426,130,2.781509,135.8024,30,1.827966,248.4771,197,3.344622
สุพรรณบุรี,ภาคกลาง,23,7327.4799,1055,76,2170.9150,82,29.627035,1423.9632,307,19.433191,1761.9256,70,24.045451,252.3003,105,3.443207,304.1537,24,4.150864,801.7470,96,10.941647,174.4131,160,2.380260,363.2990,35,4.958035,74.7630,176,1.020310
กาฬสินธุ์,ภาคตะวันออกเฉียงเหนือ,24,7327.1266,1610,94,1566.0880,100,21.373836,2494.5614,552,34.045562,641.3264,30,8.752768,391.9096,187,5.348749,148.6533,17,2.028808,1574.4561,109,21.488043,295.4479,279,4.032248,95.2766,33,1.300327,119.4073,303,1.629661
ฉะเชิงเทรา,ภาคตะวันออก,25,7326.6664,768,62,3725.3462,76,50.846401,891.0129,218,12.161232,1285.0909,34,17.539913,136.8568,78,1.867927,138.4324,10,1.889432,542.5883,64,7.405664,169.1505,120,2.308697,318.5100,25,4.347270,119.6784,143,1.633463
กาญจนบุรี,ภาคตะวันตก,26,7154.4939,1151,76,2657.9326,89,37.150533,1708.1109,375,23.874657,730.6595,50,10.212595,316.8714,116,4.428984,218.1819,18,3.049578,745.2508,75,10.416541,258.3696,179,3.611291,365.3455,42,5.106518,153.7717,207,2.149302
สุราษฎร์ธานี,ภาคใต้,27,7115.2071,935,75,1820.9850,74,25.592860,2274.3174,284,31.964177,680.0839,28,9.558174,297.3472,107,4.179038,235.6340,17,3.311696,1088.2253,101,15.294359,320.2478,141,4.500892,183.3162,22,2.576400,215.0503,161,3.022404
นครสวรรค์,ภาคกลาง,28,7054.2193,715,53,2635.5661,77,37.361556,1725.6395,166,24.462516,1123.4598,52,15.926069,129.9283,61,1.841852,373.7210,14,5.297836,670.4510,58,9.504255,135.0193,81,1.914022,127.9908,45,1.814386,132.4435,161,1.877508
ชัยภูมิ,ภาคตะวันออกเฉียงเหนือ,29,7052.9284,924,58,1853.3931,69,26.278348,1812.4541,291,25.697895,1822.2242,87,25.836420,190.4971,81,2.700965,142.2524,12,2.016927,753.1919,100,10.679137,166.6542,114,2.362908,167.0118,28,2.367978,145.2496,142,2.059423
มหาสารคาม,ภาคตะวันออกเฉียงเหนือ,30,6806.0979,657,41,1516.1598,70,22.276491,2847.8952,177,41.843289,775.6918,49,11.397012,164.9759,62,2.423943,157.1939,15,2.309604,692.1547,78,10.169626,117.5874,68,1.727677,249.7578,39,3.669618,284.6814,99,4.182740
พะเยา,ภาคเหนือ,31,6231.1188,854,60,903.6729,60,14.502579,2108.3956,264,33.836550,1786.6840,42,28.673567,147.9335,72,2.374108,48.1886,11,0.773354,495.2206,57,7.947539,115.6077,124,1.855328,339.6595,33,5.451019,285.7564,191,4.585957
นราธิวาส,ภาคใต้,32,6190.6364,616,43,1472.3605,73,23.783669,1725.6437,169,27.875061,1342.6357,79,21.688169,115.4830,58,1.865446,147.3676,17,2.380492,637.6943,49,10.300949,175.2181,63,2.830373,183.6319,24,2.966285,390.6016,84,6.309555
ราชบุรี,ภาคตะวันตก,33,6146.1080,807,70,2011.9160,56,32.734797,1369.5252,230,22.282804,982.4998,42,15.985723,209.5911,96,3.410143,271.2774,20,4.413808,659.7683,71,10.734733,193.8523,114,3.154066,341.7588,35,5.560573,105.9191,143,1.723352
กำแพงเพชร,ภาคกลาง,34,6046.4358,803,48,2140.6741,55,35.403900,1374.2264,231,22.727875,1151.1926,50,19.039193,108.9508,73,1.801901,184.9806,14,3.059333,781.7720,96,12.929468,132.0620,100,2.184130,80.7321,43,1.335201,91.8452,141,1.518997
ตรัง,ภาคใต้,35,5842.2970,628,53,2975.1655,71,50.924585,871.5996,176,14.918783,641.2206,31,10.975488,119.2730,56,2.041543,297.3731,18,5.090003,637.4548,52,10.911030,122.5469,88,2.097581,79.6647,22,1.363585,97.9988,114,1.677402
หนองคาย,ภาคตะวันออกเฉียงเหนือ,36,5510.4383,473,44,1135.3192,57,20.603065,714.3637,118,12.963827,2613.0192,54,47.419444,72.7223,40,1.319719,96.6629,10,1.754178,448.9159,48,8.146646,80.4063,52,1.459163,297.3217,31,5.395609,51.7071,63,0.938348
เพชรบูรณ์,ภาคกลาง,37,5469.5015,696,49,1518.4499,62,27.762126,1344.8627,184,24.588396,1327.9241,43,24.278704,176.0953,89,3.219586,82.8645,11,1.515028,550.0598,53,10.056854,106.1575,90,1.940899,278.4292,46,5.090577,84.6585,118,1.547828
ลพบุรี,ภาคกลาง,38,5467.0593,632,50,1179.5037,62,21.574738,842.7462,185,15.414982,1463.7747,33,26.774443,163.4871,75,2.990403,236.8852,15,4.332955,823.3121,55,15.059506,116.0544,80,2.122794,549.8547,28,10.057595,91.4412,99,1.672585
เพชรบุรี,ภาคตะวันตก,39,5457.7659,500,40,1160.4946,48,21.263180,1258.3747,113,23.056590,1423.0690,41,26.074204,267.0747,61,4.893480,211.5483,12,3.876097,313.0746,34,5.736314,84.1462,52,1.541770,243.4879,35,4.461311,496.4959,104,9.097054
จันทบุรี,ภาคตะวันออก,40,5407.1961,953,72,1452.9464,71,26.870607,1253.9227,317,23.189888,1213.6666,27,22.445396,201.8709,82,3.733375,252.8586,19,4.676335,613.5342,67,11.346624,209.8027,164,3.880065,120.8482,25,2.234951,87.7458,181,1.622760
เลย,ภาคตะวันออกเฉียงเหนือ,41,5402.2379,788,55,1313.0444,72,24.305564,924.6934,241,17.116858,1844.2136,63,34.137956,89.2678,66,1.652423,152.0652,17,2.814856,679.7598,71,12.582930,155.3420,104,2.875512,175.9584,44,3.257139,67.8933,110,1.256762
ยะลา,ภาคใต้,42,5208.6049,547,40,1310.7701,54,25.165474,1365.4207,172,26.214711,743.5101,36,14.274650,88.6465,48,1.701924,654.9104,22,12.573624,643.4887,42,12.354339,124.8863,64,2.397692,218.8337,26,4.201388,58.1384,83,1.116199
พัทลุง,ภาคใต้,43,5192.0743,1135,67,1619.3531,89,31.188943,1417.3436,402,27.298215,482.2584,34,9.288357,134.0731,105,2.582265,105.3673,12,2.029387,908.6738,68,17.501171,197.1928,185,3.797958,142.3428,39,2.741540,185.4694,201,3.572164
พิษณุโลก,ภาคกลาง,44,5135.3892,743,70,1240.6681,58,24.159183,1043.5229,193,20.320230,555.9745,35,10.826336,649.8833,99,12.654996,167.0901,21,3.253699,889.5827,63,17.322596,165.8455,97,3.229463,223.2806,32,4.347881,199.5415,145,3.885616
ประจวบคีรีขันธ์,ภาคตะวันตก,45,5134.5212,555,46,2034.5778,74,39.625463,693.5077,143,13.506765,816.3023,26,15.898314,122.7126,38,2.389952,95.8138,9,1.866071,880.8401,60,17.155253,104.9690,58,2.044378,313.2202,41,6.100281,72.5777,106,1.413524
นครพนม,ภาคตะวันออกเฉียงเหนือ,46,5036.4391,621,42,1374.8927,60,27.298904,1210.9234,158,24.043245,1176.4312,50,23.358392,165.2957,72,3.281995,232.1609,14,4.609624,448.6142,61,8.907369,134.8949,73,2.678378,189.8185,39,3.768903,103.4076,94,2.053189
ปัตตานี,ภาคใต้,47,4929.6793,516,47,1802.6418,57,36.567121,1364.1319,149,27.671818,857.9575,62,17.403921,86.0593,54,1.745738,95.6706,5,1.940706,387.3890,44,7.858300,74.5837,54,1.512952,153.7003,23,3.117856,107.5452,68,2.181586
อุทัยธานี,ภาคกลาง,48,4733.0355,415,34,1100.5721,38,23.252986,401.2532,117,8.477714,1573.3273,33,33.241401,35.6812,30,0.753876,946.6629,20,20.001179,290.5661,40,6.139107,52.2068,50,1.103030,300.0852,30,6.340227,32.6807,57,0.690481
สระบุรี,ภาคกลาง,49,4559.6108,778,56,1512.3924,57,33.169331,1114.9360,234,24.452438,744.3141,33,16.324071,111.9889,84,2.456107,186.2219,14,4.084162,488.7115,60,10.718272,187.4954,129,4.112092,114.7041,24,2.515656,98.8465,143,2.167871
ชัยนาท,ภาคกลาง,50,4550.0246,875,58,1183.6696,74,26.014576,829.1553,270,18.223095,1363.7780,58,29.972981,84.6617,75,1.860687,134.0511,8,2.946162,657.8153,67,14.457401,107.3138,140,2.358532,130.0356,22,2.857910,59.5442,161,1.308657
อุตรดิตถ์,ภาคเหนือ,51,4547.1730,811,52,774.1145,44,17.024083,1367.0084,217,30.062819,1037.1205,28,22.808028,99.9599,79,2.198287,32.0055,8,0.703855,791.8783,76,17.414739,88.8824,96,1.954674,219.1341,41,4.819128,137.0694,222,3.014387
กระบี่,ภาคใต้,52,4426.4806,469,41,1732.8587,50,39.147550,693.4316,144,15.665529,562.7311,25,12.712833,392.1874,36,8.860028,377.4958,14,8.528125,344.8340,42,7.790252,138.9022,60,3.137983,129.0835,29,2.916165,54.9563,69,1.241535
น่าน,ภาคเหนือ,53,4317.2626,590,52,1312.1749,57,30.393678,1008.1667,169,23.351989,753.9034,34,17.462533,71.8808,45,1.664962,139.5433,16,3.232217,559.7320,56,12.964975,96.5649,79,2.236716,135.1572,24,3.130623,240.1394,110,5.562307
ตาก,ภาคตะวันตก,54,4307.2633,544,47,1095.9470,46,25.444161,717.0659,149,16.647831,1036.4717,37,24.063347,247.3061,57,5.741606,81.4456,16,1.890890,780.3605,62,18.117316,145.6039,69,3.380427,114.6705,16,2.662259,88.3921,92,2.052164
สุโขทัย,ภาคกลาง,55,4307.1695,525,43,784.6528,31,18.217365,1423.1859,141,33.042254,828.4408,44,19.233996,152.3621,55,3.537407,202.9890,23,4.712817,652.2005,62,15.142207,94.9059,66,2.203440,63.5135,13,1.474600,104.9190,90,2.435915
ชุมพร,ภาคใต้,56,4282.3700,659,55,1744.9345,66,40.746935,623.8189,202,14.567142,608.3776,24,14.206563,434.2154,66,10.139605,75.0731,14,1.753074,498.7737,54,11.647142,139.1891,104,3.250282,128.9488,20,3.011155,29.0389,109,0.678103
อ่างทอง,ภาคกลาง,57,4259.7052,531,39,2211.4855,45,51.916398,504.3570,135,11.840186,737.7252,59,17.318691,123.1962,54,2.892130,36.1061,6,0.847620,332.8676,40,7.814334,75.9565,72,1.783140,176.5797,20,4.145350,61.4314,100,1.442151
พิจิตร,ภาคกลาง,58,4119.8290,697,51,1601.0005,49,38.860848,987.3826,227,23.966592,667.3666,37,16.198891,90.2955,67,2.191729,42.3973,3,1.029103,448.1272,60,10.877325,92.9098,104,2.255186,144.5835,36,3.509454,45.7660,114,1.110871
บึงกาฬ,ภาคตะวันออกเฉียงเหนือ,59,4103.2552,508,41,1519.5139,50,37.031913,434.2544,156,10.583168,930.5654,43,22.678711,384.7479,38,9.376651,123.2615,10,3.003993,471.1833,44,11.483159,111.1792,72,2.709537,105.9810,19,2.582852,22.5686,76,0.550017
ปราจีนบุรี,ภาคตะวันออก,60,4012.2489,347,31,2163.3930,51,53.919711,749.0087,95,18.668052,580.0627,26,14.457296,49.4818,33,1.233268,120.9587,17,3.014736,217.6241,33,5.423993,61.3165,40,1.528233,32.6592,10,0.813987,37.7442,42,0.940724
ยโสธร,ภาคตะวันออกเฉียงเหนือ,61,3817.0865,721,43,1117.8437,52,29.285260,926.6379,231,24.276052,517.1033,29,13.547068,133.7334,62,3.503546,61.6347,16,1.614705,775.1622,46,20.307693,121.0876,99,3.172252,109.4954,72,2.868560,54.3883,114,1.424864
ลำพูน,ภาคเหนือ,62,3765.5178,900,59,915.9776,60,24.325409,1253.1691,312,33.280127,503.0795,20,13.360168,71.1623,71,1.889841,34.9671,15,0.928613,553.7138,65,14.704851,127.1666,148,3.377134,256.5185,55,6.812303,49.7633,154,1.321553
ภูเก็ต,ภาคใต้,63,3659.7951,384,40,386.9457,12,10.572879,1451.0492,123,39.648373,282.9667,14,7.731763,195.6638,36,5.346305,222.3584,22,6.075706,664.8312,37,18.165804,211.7784,50,5.786619,97.3230,20,2.659247,146.8787,70,4.013304
สมุทรสาคร,ภาคกลาง,64,3572.0295,401,33,663.2286,33,18.567277,1259.5199,123,35.260624,958.3487,36,26.829249,28.7515,24,0.804907,44.9762,19,1.259122,292.3409,34,8.184168,215.1755,54,6.023900,26.1905,13,0.733211,83.4977,65,2.337542
แพร่,ภาคเหนือ,65,3482.1101,695,64,777.8022,43,22.337094,1135.8812,230,32.620485,464.2922,25,13.333645,98.1686,69,2.819227,180.8617,16,5.194026,478.6580,57,13.746205,82.6111,107,2.372444,238.6154,40,6.852609,25.2197,108,0.724265
ตราด,ภาคตะวันออก,66,3293.0060,335,36,812.1567,20,24.663080,219.1798,110,6.655919,979.7819,19,29.753420,42.3682,28,1.286612,191.0104,9,5.800487,719.9058,30,21.861661,55.6915,50,1.691206,259.2493,11,7.872725,13.6624,58,0.414891
อำนาจเจริญ,ภาคตะวันออกเฉียงเหนือ,67,3234.5779,650,43,839.3675,51,25.949831,745.7766,216,23.056381,791.8572,34,24.481006,144.3566,64,4.462919,71.4190,8,2.207985,444.0575,55,13.728453,108.8747,96,3.365963,46.3832,21,1.433980,42.4856,105,1.313482
มุกดาหาร,ภาคตะวันออกเฉียงเหนือ,68,3126.4153,606,35,766.1054,49,24.504275,764.2324,190,24.444366,854.5508,33,27.333246,81.8314,58,2.617419,80.5835,8,2.577505,372.9423,42,11.928751,121.5031,92,3.886339,55.9383,40,1.789215,28.7281,94,0.918883
สระแก้ว,ภาคตะวันออก,69,3106.3415,373,34,1263.3048,40,40.668574,574.4824,116,18.493858,549.6789,19,17.695379,35.5454,28,1.144285,64.1288,16,2.064448,317.6461,30,10.225730,95.1620,50,3.063475,101.2669,8,3.260005,105.1262,66,3.384245
ระนอง,ภาคใต้,70,2476.0473,293,30,1073.4459,24,43.353207,318.8132,91,12.875893,551.1257,20,22.258286,23.0821,22,0.932216,91.5646,11,3.698015,262.8841,26,10.617087,77.0911,40,3.113474,59.5886,14,2.406602,18.4520,45,0.745220
สตูล,ภาคใต้,71,2470.5543,293,28,589.0005,32,23.840824,317.5003,75,12.851379,1052.3659,34,42.596348,53.1337,30,2.150679,39.6844,8,1.606295,237.9937,29,9.633211,51.2111,30,2.072859,76.7253,12,3.105591,52.9394,43,2.142815
พังงา,ภาคใต้,72,2239.1172,390,41,539.4203,31,24.090758,424.4869,123,18.957779,379.8825,17,16.965726,50.2057,39,2.242210,104.3797,4,4.661645,448.3804,51,20.024874,78.6741,49,3.513621,158.9756,16,7.099923,54.7120,60,2.443463
หนองบัวลำภู,ภาคตะวันออกเฉียงเหนือ,73,2068.3870,401,34,396.4936,27,19.169217,656.7454,121,31.751573,451.9469,17,21.850210,33.4036,33,1.614959,31.4764,3,1.521785,290.7810,38,14.058346,89.9587,58,4.349220,52.2406,19,2.525669,65.3408,85,3.159022
นครนายก,ภาคกลาง,74,1943.3268,291,28,452.3651,22,23.277871,165.9866,45,8.541363,244.4137,15,12.577077,211.2777,38,10.871959,314.9897,14,16.208787,249.6962,35,12.848904,30.9682,20,1.593566,135.2416,44,6.959282,138.3880,58,7.121190
สิงห์บุรี,ภาคกลาง,75,1863.2447,277,24,650.6272,31,34.919042,313.6635,81,16.834262,410.9156,23,22.053765,41.6981,27,2.237929,62.0636,8,3.330942,224.8984,29,12.070256,30.5581,32,1.640048,117.5989,12,6.311511,11.2213,34,0.602245
แม่ฮ่องสอน,ภาคเหนือ,76,1772.7883,326,34,546.8583,27,30.847355,218.1753,104,12.306901,240.1830,14,13.548318,52.6848,34,2.971861,158.0510,17,8.915391,434.4688,29,24.507653,52.1970,28,2.944345,46.1624,29,2.603943,24.0077,44,1.354234
สมุทรสงคราม,ภาคกลาง,77,1331.6055,242,32,220.8870,16,16.588021,302.8531,67,22.743455,208.6832,15,15.671548,30.6837,19,2.304264,92.7029,4,6.961739,339.9436,25,25.528852,40.8359,28,3.066667,32.6916,25,2.455051,62.3245,43,4.680403
